,dHex_count,HexNAc_count,NeuAc_count,Hex_count,LacNAc_count,Glycan_type,mass,Intensity,Rsquared,Sample_collection_time,Sample_name,Sample_collection
0,0,0,0,0,-1,Core 1,534.2262,453.620471327499,0.995215127156162,22plus5,P7,P7-22plus5
1,0,0,1,-1,-1,STn,691.3002,428.341464461549,0.940727905241088,22plus5,P7,P7-22plus5
2,1,0,0,0,-1,Core 1,708.3154,287.499677446955,0.958004679240253,22plus5,P7,P7-22plus5
3,0,0,1,0,-1,Core 1,895.4,360.412624574349,0.994613390415178,22plus5,P7,P7-22plus5
4,1,1,0,0,-1,Core 1,953.4418,1814.96657112295,0.996681710063525,22plus5,P7,P7-22plus5
5,0,0,0,0,0,Core 2,983.4524,634.124791170254,0.992485662499353,22plus5,P7,P7-22plus5
6,1,0,0,0,0,Core 2,1157.5416,636.772358683297,0.995910488049003,22plus5,P7,P7-22plus5
7,0,0,2,0,-1,Core 1,1256.5738,90.6508838539745,0.998200486326475,22plus5,P7,P7-22plus5
8,1,0,1,1,-1,Core 1,1273.589,17.5635291132316,0.911204256227096,22plus5,P7,P7-22plus5
9,2,0,0,0,0,Core 2,1331.6308,66.7825476500237,0.989625910560012,22plus5,P7,P7-22plus5
10,0,0,1,0,0,Core 2,1344.6262,59.7366014407086,0.991996559420076,22plus5,P7,P7-22plus5
11,1,0,0,1,0,Core 2,1361.6414,19.1768193122102,0.99704259470705,22plus5,P7,P7-22plus5
12,1,1,0,0,0,Core 2,1402.668,80.413737723273,0.989971583635539,22plus5,P7,P7-22plus5
13,0,0,0,0,1,Core 2,1432.6786,31.0042848889612,0.998646965339622,22plus5,P7,P7-22plus5
14,3,0,0,0,0,Core 2,1505.72,10.9379945305207,0.947286887355552,22plus5,P7,P7-22plus5
15,1,0,1,0,0,Core 2,1518.7154,64.5281762363464,0.992679874395584,22plus5,P7,P7-22plus5
16,2,1,0,0,0,Core 2,1576.7572,147.533129165329,0.99534342071025,22plus5,P7,P7-22plus5
17,1,0,0,0,1,Core 2,1606.7678,46.7588899967098,0.987053936787616,22plus5,P7,P7-22plus5
18,2,0,1,0,0,Core 2,1692.8046,6.97810750187045,0.960838737010821,22plus5,P7,P7-22plus5
19,1,0,1,1,0,Core 2,1722.8152,3.6319526816058,0.943272216158756,22plus5,P7,P7-22plus5
20,2,0,0,0,1,Core 2,1780.857,39.6927594593015,0.990436119611056,22plus5,P7,P7-22plus5
21,1,0,0,1,1,Core 2,1810.8676,4.80018301418126,0.95708475793232,22plus5,P7,P7-22plus5
22,2,2,0,0,0,Core 2,1821.8836,10.975503456231,0.996539140144901,22plus5,P7,P7-22plus5
23,1,1,0,0,1,Core 2,1851.8942,5.29742606987476,0.939829257338321,22plus5,P7,P7-22plus5
24,1,0,2,0,0,Core 2,1879.8892,7.58158994385181,0.97956115265624,22plus5,P7,P7-22plus5
25,0,0,0,0,2,Core 2,1881.9048,3.90544204554743,0.97956115265624,22plus5,P7,P7-22plus5
26,2,1,1,0,0,Core 2,1937.931,9.23053327173293,0.995704506284705,22plus5,P7,P7-22plus5
27,3,0,0,0,1,Core 2,1954.9462,8.73254577888299,0.960598207540318,22plus5,P7,P7-22plus5
28,1,0,1,0,1,Core 2,1967.9416,8.62829246200814,0.967895845211417,22plus5,P7,P7-22plus5
29,3,2,0,0,0,Core 2,1995.9728,17.9054784514192,0.996225459706524,22plus5,P7,P7-22plus5
30,2,1,0,0,1,Core 2,2025.9834,7.12031850110314,0.924334956201374,22plus5,P7,P7-22plus5
31,1,0,0,0,2,Core 2,2055.994,5.23897049636378,0.948612186729099,22plus5,P7,P7-22plus5
32,3,1,0,0,1,Core 2,2200.0726,7.33358100112414,0.97672178978501,22plus5,P7,P7-22plus5
33,2,0,0,0,2,Core 2,2230.0832,3.9129485805157,0.945289718875428,22plus5,P7,P7-22plus5
34,4,1,0,0,1,Core 2,2374.1618,3.17004992228126,0.983657377129267,22plus5,P7,P7-22plus5
35,3,0,0,0,2,Core 2,2404.1724,2.04965082915527,0.915187817216231,22plus5,P7,P7-22plus5
46,0,0,0,0,-1,Core 1,534.2262,272.473219501572,0.970957971405172,25plus3,P9,P9-25plus3
47,0,0,1,-1,-1,STn,691.3002,403.849818650894,0.920178172457592,25plus3,P9,P9-25plus3
48,0,0,1,0,-1,Core 1,895.4,92.0754214883906,0.91064878364112,25plus3,P9,P9-25plus3
49,0,0,0,0,0,Core 2,983.4524,173.025466037109,0.981106953852944,25plus3,P9,P9-25plus3
50,1,0,0,0,0,Core 2,1157.5416,136.265006456588,0.987260233190704,25plus3,P9,P9-25plus3
51,0,0,2,0,-1,Core 1,1256.5738,26.2078809278082,0.991911790919023,25plus3,P9,P9-25plus3
52,2,0,0,0,0,Core 2,1331.6308,18.2293917508466,0.98635910059503,25plus3,P9,P9-25plus3
53,0,0,1,0,0,Core 2,1344.6262,20.068196304564,0.999278436207505,25plus3,P9,P9-25plus3
54,1,0,0,1,0,Core 2,1361.6414,9.99060754578033,0.988797174908709,25plus3,P9,P9-25plus3
55,0,0,0,0,1,Core 2,1432.6786,10.815471277299,0.990249708336587,25plus3,P9,P9-25plus3
56,1,0,1,0,0,Core 2,1518.7154,66.9306739950153,0.993850670643019,25plus3,P9,P9-25plus3
57,2,0,0,0,1,Core 2,1780.857,28.9655605533749,0.993066067166941,25plus3,P9,P9-25plus3
58,1,0,2,0,0,Core 2,1879.8892,19.8042168585279,0.950337954474154,25plus3,P9,P9-25plus3
59,0,0,0,0,2,Core 2,1881.9048,2.32941250086691,0.950337954474154,25plus3,P9,P9-25plus3
60,1,0,0,0,2,Core 2,2055.994,4.14809201034325,0.962900521048274,25plus3,P9,P9-25plus3
61,1,0,0,1,2,Core 2,2260.0938,2.37243352794644,0.963830641886024,25plus3,P9,P9-25plus3
62,1,1,0,0,2,Core 2,2301.1204,2.07620665537352,0.920870202359935,25plus3,P9,P9-25plus3
63,0,0,0,0,-1,Core 1,534.2262,360.774189688429,0.997901225076026,20plus5,P4,P4-20plus5
64,0,0,1,-1,-1,STn,691.3002,393.018399472269,0.991141283511001,20plus5,P4,P4-20plus5
65,1,0,0,0,-1,Core 1,708.3154,885.440516913351,0.999933244932032,20plus5,P4,P4-20plus5
66,0,0,1,0,-1,Core 1,895.4,303.325336926346,0.996028917063194,20plus5,P4,P4-20plus5
67,1,0,0,1,-1,Core 1,912.4152,473.432979122648,0.996561970653832,20plus5,P4,P4-20plus5
68,0,0,0,0,0,Core 2,983.4524,1139.91087096216,0.997939398821135,20plus5,P4,P4-20plus5
69,1,0,1,0,-1,Core 1,1069.4892,50.3650316048876,0.986074135487335,20plus5,P4,P4-20plus5
70,1,0,0,0,0,Core 2,1157.5416,510.355127925253,0.996179354042311,20plus5,P4,P4-20plus5
71,0,0,2,0,-1,Core 1,1256.5738,166.786246454579,0.998577147400508,20plus5,P4,P4-20plus5
72,1,0,1,1,-1,Core 1,1273.589,19.8037092807554,0.99492238622063,20plus5,P4,P4-20plus5
73,2,0,0,0,0,Core 2,1331.6308,301.700426968146,0.98064306256774,20plus5,P4,P4-20plus5
74,0,0,1,0,0,Core 2,1344.6262,369.000768902453,0.992480785756197,20plus5,P4,P4-20plus5
75,1,0,0,1,0,Core 2,1361.6414,205.26147821643,0.994518835812494,20plus5,P4,P4-20plus5
76,0,0,0,0,1,Core 2,1432.6786,57.780686956071,0.99907640626293,20plus5,P4,P4-20plus5
77,1,0,1,0,0,Core 2,1518.7154,190.731738602804,0.929967709845418,20plus5,P4,P4-20plus5
78,2,0,0,1,0,Core 2,1535.7306,327.345183870997,0.99527157536354,20plus5,P4,P4-20plus5
79,1,0,0,0,1,Core 2,1606.7678,39.9495007409239,0.989738988004018,20plus5,P4,P4-20plus5
80,0,0,2,0,0,Core 2,1705.8,107.374221065565,0.977950144668846,20plus5,P4,P4-20plus5
81,3,0,0,1,0,Core 2,1709.8198,185.030766318903,0.977950144668846,20plus5,P4,P4-20plus5
82,1,0,1,1,0,Core 2,1722.8152,106.990770073101,0.968927822094441,20plus5,P4,P4-20plus5
83,2,0,0,2,0,Core 2,1739.8304,56.5668968839475,0.98591561048343,20plus5,P4,P4-20plus5
84,2,0,0,0,1,Core 2,1780.857,28.2152970456533,0.988340903537477,20plus5,P4,P4-20plus5
85,0,0,1,0,1,Core 2,1793.8524,16.0225331466609,0.983546705825633,20plus5,P4,P4-20plus5
86,1,0,0,1,1,Core 2,1810.8676,8.65429327533922,0.980091207757439,20plus5,P4,P4-20plus5
87,2,0,1,1,0,Core 2,1896.9044,112.504745245476,0.995848439068221,20plus5,P4,P4-20plus5
88,3,0,0,2,0,Core 2,1913.9196,55.609320090618,0.988173322684473,20plus5,P4,P4-20plus5
89,3,0,0,0,1,Core 2,1954.9462,12.19998057001,0.933651336628284,20plus5,P4,P4-20plus5
90,2,0,0,1,1,Core 2,1984.9568,9.82025873468979,0.937578400559253,20plus5,P4,P4-20plus5
91,1,0,0,0,2,Core 2,2055.994,4.90900958867701,0.988194706783446,20plus5,P4,P4-20plus5
92,4,0,0,0,1,Core 2,2129.0354,4.5692662188442,0.958429411544359,20plus5,P4,P4-20plus5
93,0,0,2,0,1,Core 2,2155.0262,3.96709171351879,0.908875614741082,20plus5,P4,P4-20plus5
94,3,0,0,1,1,Core 2,2159.046,5.17597581279241,0.908875614741082,20plus5,P4,P4-20plus5
95,2,0,0,2,1,Core 2,2189.0566,3.00487617498331,0.978482875302397,20plus5,P4,P4-20plus5
96,2,0,0,0,2,Core 2,2230.0832,3.41606709319424,0.9255081297319,20plus5,P4,P4-20plus5
97,0,0,0,0,-1,Core 1,534.2262,453.962657822236,0.991453584351871,26plus0,P4,P4-26plus0
98,0,0,1,-1,-1,STn,691.3002,500.919619052609,0.984722718381661,26plus0,P4,P4-26plus0
99,1,0,0,0,-1,Core 1,708.3154,2206.95171830933,0.999038061144386,26plus0,P4,P4-26plus0
100,0,0,1,0,-1,Core 1,895.4,1316.08609532783,0.99957667586961,26plus0,P4,P4-26plus0
101,1,0,0,1,-1,Core 1,912.4152,1213.86377530529,0.998879155054652,26plus0,P4,P4-26plus0
102,1,1,0,0,-1,Core 1,953.4418,36.5529091755045,0.984215794689351,26plus0,P4,P4-26plus0
103,0,0,0,0,0,Core 2,983.4524,173.650916598445,0.993175015449628,26plus0,P4,P4-26plus0
104,1,0,1,0,-1,Core 1,1069.4892,112.10475140774,0.927873909331932,26plus0,P4,P4-26plus0
105,1,0,0,0,0,Core 2,1157.5416,79.1729275356735,0.990520432808278,26plus0,P4,P4-26plus0
106,0,0,2,0,-1,Core 1,1256.5738,274.825143583306,0.99545216253973,26plus0,P4,P4-26plus0
107,2,0,0,0,0,Core 2,1331.6308,27.3296350810034,0.980843096762546,26plus0,P4,P4-26plus0
108,0,0,1,0,0,Core 2,1344.6262,83.0522934346936,0.995180813584575,26plus0,P4,P4-26plus0
109,1,0,0,1,0,Core 2,1361.6414,32.2426309649521,0.992977786224214,26plus0,P4,P4-26plus0
110,3,0,0,0,0,Core 2,1505.72,9.91735073731947,0.983651639402468,26plus0,P4,P4-26plus0
111,1,0,1,0,0,Core 2,1518.7154,48.578495843036,0.989860024259594,26plus0,P4,P4-26plus0
112,2,0,0,1,0,Core 2,1535.7306,32.8771607935541,0.989157273480978,26plus0,P4,P4-26plus0
113,2,0,1,0,0,Core 2,1692.8046,20.2465844310956,0.988051405688746,26plus0,P4,P4-26plus0
114,0,0,2,0,0,Core 2,1705.8,16.4117790957541,0.948682375035625,26plus0,P4,P4-26plus0
115,3,0,0,1,0,Core 2,1709.8198,20.0216597549906,0.948682375035625,26plus0,P4,P4-26plus0
116,1,0,1,1,0,Core 2,1722.8152,14.2517713680336,0.929012441635374,26plus0,P4,P4-26plus0
117,1,0,2,0,0,Core 2,1879.8892,14.3457232823978,0.976582115173183,26plus0,P4,P4-26plus0
118,0,0,0,0,2,Core 2,1881.9048,3.35893737996284,0.976582115173183,26plus0,P4,P4-26plus0
119,2,0,1,1,0,Core 2,1896.9044,19.0583075615115,0.994567430723707,26plus0,P4,P4-26plus0
120,2,2,0,0,1,Core 2,2271.1098,2.95242474504073,0.943009799046431,26plus0,P4,P4-26plus0
121,4,1,0,0,1,Core 2,2374.1618,3.30793827573737,0.974089264852862,26plus0,P4,P4-26plus0
122,0,0,1,-1,-1,STn,691.3002,190.53739205305,0.926664162701836,20plus2,P10,P10-20plus2
123,1,0,0,0,-1,Core 1,708.3154,520.2426701717,0.999836686783378,20plus2,P10,P10-20plus2
124,0,0,1,0,-1,Core 1,895.4,131.087297999475,0.971133308720443,20plus2,P10,P10-20plus2
125,0,0,0,0,0,Core 2,983.4524,53.2942100311274,0.99996052741407,20plus2,P10,P10-20plus2
126,1,0,0,0,0,Core 2,1157.5416,55.387998970838,0.986976082365216,20plus2,P10,P10-20plus2
127,0,0,2,0,-1,Core 1,1256.5738,75.6713328559641,0.998378855182501,20plus2,P10,P10-20plus2
128,1,0,1,1,-1,Core 1,1273.589,6.41454066159608,0.977849578360125,20plus2,P10,P10-20plus2
129,2,0,0,0,0,Core 2,1331.6308,39.5249102336515,0.990393923585816,20plus2,P10,P10-20plus2
130,0,0,1,0,0,Core 2,1344.6262,18.7565598950098,0.983877043769657,20plus2,P10,P10-20plus2
131,0,0,0,0,1,Core 2,1432.6786,3.72878943125278,0.937117056079699,20plus2,P10,P10-20plus2
132,3,0,0,0,0,Core 2,1505.72,17.356688578091,0.971026198422743,20plus2,P10,P10-20plus2
133,1,0,1,0,0,Core 2,1518.7154,41.8312567879373,0.994172003333874,20plus2,P10,P10-20plus2
134,2,0,0,1,0,Core 2,1535.7306,3.46899155391148,0.91405225771462,20plus2,P10,P10-20plus2
135,1,0,0,0,1,Core 2,1606.7678,4.44048464118063,0.977715899154298,20plus2,P10,P10-20plus2
136,2,0,1,0,0,Core 2,1692.8046,33.6204511447405,0.998217119854034,20plus2,P10,P10-20plus2
137,2,0,0,0,1,Core 2,1780.857,6.80529065026921,0.965500555546525,20plus2,P10,P10-20plus2
138,1,0,2,0,0,Core 2,1879.8892,19.4763965344176,0.995531463914857,20plus2,P10,P10-20plus2
139,0,0,0,0,2,Core 2,1881.9048,0.84431706040157,0.995531463914857,20plus2,P10,P10-20plus2
140,3,0,0,0,1,Core 2,1954.9462,6.6904871263641,0.990867709527116,20plus2,P10,P10-20plus2
141,1,0,0,0,2,Core 2,2055.994,1.66101013909259,0.972576642483726,20plus2,P10,P10-20plus2
148,0,0,0,0,-1,Core 1,534.2262,652.066463170371,0.99896273291604,31plus3,P27,P27-31plus3
149,0,0,1,-1,-1,STn,691.3002,799.784402259709,0.956951637705938,31plus3,P27,P27-31plus3
150,1,0,0,0,-1,Core 1,708.3154,1780.80583951429,0.999371052132062,31plus3,P27,P27-31plus3
151,0,0,1,0,-1,Core 1,895.4,1923.42040709083,0.998924617908486,31plus3,P27,P27-31plus3
152,1,0,0,1,-1,Core 1,912.4152,962.139149589089,0.998567212712639,31plus3,P27,P27-31plus3
153,0,0,0,0,0,Core 2,983.4524,116.325134219615,0.993832064512916,31plus3,P27,P27-31plus3
154,1,0,1,0,-1,Core 1,1069.4892,88.7868930942033,0.990845933386968,31plus3,P27,P27-31plus3
155,1,0,0,0,0,Core 2,1157.5416,56.4402924330428,0.984171365839663,31plus3,P27,P27-31plus3
156,0,0,2,0,-1,Core 1,1256.5738,414.158885710359,0.994112259289328,31plus3,P27,P27-31plus3
157,1,0,1,1,-1,Core 1,1273.589,26.8737839345626,0.95987501714685,31plus3,P27,P27-31plus3
158,2,0,0,0,0,Core 2,1331.6308,33.3539004981278,0.989341169709592,31plus3,P27,P27-31plus3
159,0,0,1,0,0,Core 2,1344.6262,53.2940531042371,0.990755739404501,31plus3,P27,P27-31plus3
160,1,0,0,1,0,Core 2,1361.6414,12.6687199452876,0.913439201649641,31plus3,P27,P27-31plus3
161,3,0,0,0,0,Core 2,1505.72,10.7334050151476,0.947641444624665,31plus3,P27,P27-31plus3
162,1,0,1,0,0,Core 2,1518.7154,48.9089666256816,0.997966026597211,31plus3,P27,P27-31plus3
163,2,0,0,1,0,Core 2,1535.7306,16.051560386775,0.989802299197605,31plus3,P27,P27-31plus3
164,1,0,0,0,1,Core 2,1606.7678,2.93824613384249,0.942055296132503,31plus3,P27,P27-31plus3
165,2,0,1,0,0,Core 2,1692.8046,22.693817226902,0.976573987272686,31plus3,P27,P27-31plus3
166,0,0,2,0,0,Core 2,1705.8,14.739423279999,0.963277031644693,31plus3,P27,P27-31plus3
167,3,0,0,1,0,Core 2,1709.8198,10.1392878826687,0.963277031644693,31plus3,P27,P27-31plus3
168,1,0,1,1,0,Core 2,1722.8152,4.53639409831755,0.900736075829601,31plus3,P27,P27-31plus3
169,0,0,1,0,1,Core 2,1793.8524,2.4894008031156,0.924430724637496,31plus3,P27,P27-31plus3
170,1,0,2,0,0,Core 2,1879.8892,21.174912407516,0.993270369444193,31plus3,P27,P27-31plus3
171,0,0,0,0,2,Core 2,1881.9048,1.10210211259073,0.993270369444193,31plus3,P27,P27-31plus3
172,2,0,1,1,0,Core 2,1896.9044,14.4088393280743,0.978182929243375,31plus3,P27,P27-31plus3
173,3,0,0,2,0,Core 2,1913.9196,3.48809415977654,0.975612144168114,31plus3,P27,P27-31plus3
174,3,0,0,0,1,Core 2,1954.9462,2.60317056590315,0.961240060704288,31plus3,P27,P27-31plus3
175,1,0,1,0,1,Core 2,1967.9416,2.1706976211727,0.952707532140483,31plus3,P27,P27-31plus3
176,2,0,1,0,1,Core 2,2142.0308,1.62449486782111,0.980068173375033,31plus3,P27,P27-31plus3
177,0,0,0,0,-1,Core 1,534.2262,430.49249661967,0.998724085469113,22plus4,P20,P20-22plus4
178,0,0,1,-1,-1,STn,691.3002,838.356690575925,0.976577667599065,22plus4,P20,P20-22plus4
179,1,0,0,0,-1,Core 1,708.3154,151.365522397335,0.914803226471486,22plus4,P20,P20-22plus4
180,0,0,1,0,-1,Core 1,895.4,600.532201322211,0.99803979422573,22plus4,P20,P20-22plus4
181,1,0,0,1,-1,Core 1,912.4152,29.6173079510811,0.998449366489472,22plus4,P20,P20-22plus4
182,0,0,0,0,0,Core 2,983.4524,231.651060597948,0.998606464657484,22plus4,P20,P20-22plus4
183,1,0,1,0,-1,Core 1,1069.4892,59.072079505,0.9815905395704,22plus4,P20,P20-22plus4
184,1,0,0,0,0,Core 2,1157.5416,64.93624255384,0.99366999171133,22plus4,P20,P20-22plus4
185,0,0,2,0,-1,Core 1,1256.5738,35.9305471539531,0.996594534463412,22plus4,P20,P20-22plus4
186,2,0,0,0,0,Core 2,1331.6308,5.13906097888963,0.938437117806188,22plus4,P20,P20-22plus4
187,0,0,1,0,0,Core 2,1344.6262,61.2295949394301,0.99461519041387,22plus4,P20,P20-22plus4
188,1,0,0,1,0,Core 2,1361.6414,7.86543342357692,0.941061786126794,22plus4,P20,P20-22plus4
189,3,0,0,0,0,Core 2,1505.72,2.65880302839725,0.928948115812404,22plus4,P20,P20-22plus4
190,1,0,1,0,0,Core 2,1518.7154,55.287442589884,0.998200306987463,22plus4,P20,P20-22plus4
191,1,0,0,0,1,Core 2,1606.7678,2.77162096370486,0.931046018668871,22plus4,P20,P20-22plus4
192,1,0,1,1,0,Core 2,1722.8152,4.55275086441788,0.900284474144057,22plus4,P20,P20-22plus4
193,2,0,0,0,1,Core 2,1780.857,4.02773358531145,0.967010304241476,22plus4,P20,P20-22plus4
194,0,0,1,0,1,Core 2,1793.8524,2.0151223904088,0.980195947518122,22plus4,P20,P20-22plus4
195,1,0,2,0,0,Core 2,1879.8892,7.89027603861816,0.991428024491841,22plus4,P20,P20-22plus4
196,0,0,0,0,2,Core 2,1881.9048,0.811702605525685,0.991428024491841,22plus4,P20,P20-22plus4
197,1,0,1,0,1,Core 2,1967.9416,2.36140560781224,0.94400054142066,22plus4,P20,P20-22plus4
198,1,0,0,0,2,Core 2,2055.994,1.47561756168209,0.972690712988581,22plus4,P20,P20-22plus4
224,0,0,0,0,-1,Core 1,534.2262,207.945471027905,0.998916140504089,10plus3,P23,P23-10plus3
225,1,0,0,0,-1,Core 1,708.3154,660.573864393232,0.996882647657897,10plus3,P23,P23-10plus3
226,0,0,1,0,-1,Core 1,895.4,616.74885091738,0.993087423375094,10plus3,P23,P23-10plus3
227,1,0,0,1,-1,Core 1,912.4152,34.6999944616614,0.999779444333503,10plus3,P23,P23-10plus3
228,1,1,0,0,-1,Core 1,953.4418,3452.65227026803,0.998653715967554,10plus3,P23,P23-10plus3
229,0,0,0,0,0,Core 2,983.4524,242.165154317709,0.989339004701821,10plus3,P23,P23-10plus3
230,1,0,1,0,-1,Core 1,1069.4892,39.9586372319712,0.969840372441696,10plus3,P23,P23-10plus3
231,1,0,0,0,0,Core 2,1157.5416,73.858297383213,0.9908513216662,10plus3,P23,P23-10plus3
232,0,0,2,0,-1,Core 1,1256.5738,270.871847459357,0.99696783458756,10plus3,P23,P23-10plus3
233,1,0,1,1,-1,Core 1,1273.589,16.2379025994398,0.946003866016364,10plus3,P23,P23-10plus3
234,2,0,0,0,0,Core 2,1331.6308,36.8722332985156,0.994283166019014,10plus3,P23,P23-10plus3
235,0,0,1,0,0,Core 2,1344.6262,26.2932426620852,0.970968744254404,10plus3,P23,P23-10plus3
236,1,1,0,0,0,Core 2,1402.668,49.9876468039255,0.975805780136537,10plus3,P23,P23-10plus3
237,0,0,0,0,1,Core 2,1432.6786,8.85320625467256,0.989775978855378,10plus3,P23,P23-10plus3
238,3,0,0,0,0,Core 2,1505.72,14.4904451621796,0.974767033615317,10plus3,P23,P23-10plus3
239,1,0,1,0,0,Core 2,1518.7154,37.2431358675762,0.994182843141217,10plus3,P23,P23-10plus3
240,2,0,0,1,0,Core 2,1535.7306,5.62203294520616,0.914113681330567,10plus3,P23,P23-10plus3
241,2,1,0,0,0,Core 2,1576.7572,46.1039406461704,0.996488609423113,10plus3,P23,P23-10plus3
242,2,0,1,0,0,Core 2,1692.8046,10.9129671081962,0.947536140343097,10plus3,P23,P23-10plus3
243,0,0,2,0,0,Core 2,1705.8,7.65708918961928,0.984201932317847,10plus3,P23,P23-10plus3
244,3,0,0,1,0,Core 2,1709.8198,2.00256275434572,0.984201932317847,10plus3,P23,P23-10plus3
245,1,0,1,1,0,Core 2,1722.8152,2.71451051835632,0.903634724681147,10plus3,P23,P23-10plus3
246,3,1,0,0,0,Core 2,1750.8464,12.7678005000523,0.995811303991347,10plus3,P23,P23-10plus3
247,0,0,1,0,1,Core 2,1793.8524,4.02899355568766,0.960288580725657,10plus3,P23,P23-10plus3
248,2,2,0,0,0,Core 2,1821.8836,11.4561953768309,0.989024751468831,10plus3,P23,P23-10plus3
249,1,1,0,0,1,Core 2,1851.8942,4.17642776528164,0.959112413055218,10plus3,P23,P23-10plus3
250,1,0,2,0,0,Core 2,1879.8892,35.9209065133758,0.988599620484951,10plus3,P23,P23-10plus3
251,0,0,0,0,2,Core 2,1881.9048,2.87312091986775,0.988599620484951,10plus3,P23,P23-10plus3
252,2,1,1,0,0,Core 2,1937.931,17.6853118422027,0.993536287762161,10plus3,P23,P23-10plus3
253,3,0,0,0,1,Core 2,1954.9462,4.60234140052137,0.908296709409487,10plus3,P23,P23-10plus3
254,1,0,1,0,1,Core 2,1967.9416,5.64481325063236,0.992558383963227,10plus3,P23,P23-10plus3
255,3,2,0,0,0,Core 2,1995.9728,21.0738184655481,0.995235532375878,10plus3,P23,P23-10plus3
256,2,1,0,0,1,Core 2,2025.9834,3.17420071110704,0.985087615546462,10plus3,P23,P23-10plus3
257,1,0,0,0,2,Core 2,2055.994,1.8545114916584,0.951336335455438,10plus3,P23,P23-10plus3
258,3,1,0,0,1,Core 2,2200.0726,3.07718675832588,0.90063088720414,10plus3,P23,P23-10plus3
259,0,0,1,0,2,Core 2,2243.0786,1.67425629240816,0.920236454860997,10plus3,P23,P23-10plus3
260,3,0,1,0,1,Core 2,2316.12,0.671837550896936,0.965694479630911,10plus3,P23,P23-10plus3
261,3,0,0,2,1,Core 2,2363.1458,0.647266643584655,0.928949476357778,10plus3,P23,P23-10plus3
262,2,0,0,1,2,Core 2,2434.183,1.27363867327126,0.958281359379905,10plus3,P23,P23-10plus3
263,0,0,0,0,-1,Core 1,534.2262,1540.47703457051,0.999285889666423,17plus3,P12,P12-17plus3
264,0,0,1,-1,-1,STn,691.3002,233.643805916796,0.999995150797507,17plus3,P12,P12-17plus3
265,1,0,0,0,-1,Core 1,708.3154,2033.70831883839,0.999609011471431,17plus3,P12,P12-17plus3
266,0,0,1,0,-1,Core 1,895.4,79.407769478108,0.918920764527803,17plus3,P12,P12-17plus3
267,0,0,0,0,0,Core 2,983.4524,437.434612946934,0.993573052046859,17plus3,P12,P12-17plus3
268,1,0,1,0,-1,Core 1,1069.4892,20.7713012674778,0.940806304700884,17plus3,P12,P12-17plus3
269,1,0,0,0,0,Core 2,1157.5416,415.90625919439,0.992624790313781,17plus3,P12,P12-17plus3
270,2,0,0,0,0,Core 2,1331.6308,164.598395633482,0.996149415030965,17plus3,P12,P12-17plus3
271,1,0,0,1,0,Core 2,1361.6414,6.42707790615103,0.960811792559407,17plus3,P12,P12-17plus3
272,1,1,0,0,0,Core 2,1402.668,3.94616331384952,0.939371935114293,17plus3,P12,P12-17plus3
273,0,0,0,0,1,Core 2,1432.6786,7.6655278105949,0.965723742547752,17plus3,P12,P12-17plus3
274,3,0,0,0,0,Core 2,1505.72,23.5744588228999,0.991606681510796,17plus3,P12,P12-17plus3
275,1,0,0,0,1,Core 2,1606.7678,6.14979046446969,0.942163271746652,17plus3,P12,P12-17plus3
276,2,0,0,0,1,Core 2,1780.857,3.80583226759339,0.950223285108939,17plus3,P12,P12-17plus3
277,2,0,0,1,2,Core 2,2434.183,1.04788140575954,0.925344183082275,17plus3,P12,P12-17plus3
293,0,0,0,0,-1,Core 1,534.2262,631.229738312181,0.995838279057433,13plus6,P24,P24-13plus6
294,0,0,1,-1,-1,STn,691.3002,724.517488852227,0.967055086597218,13plus6,P24,P24-13plus6
295,1,0,0,0,-1,Core 1,708.3154,3514.46657516241,0.99993496832611,13plus6,P24,P24-13plus6
296,0,0,1,0,-1,Core 1,895.4,1896.49065491259,0.999298621881534,13plus6,P24,P24-13plus6
297,1,0,0,1,-1,Core 1,912.4152,89.4226053651212,0.942594845044358,13plus6,P24,P24-13plus6
298,0,0,0,0,0,Core 2,983.4524,305.195509736249,0.997184558058223,13plus6,P24,P24-13plus6
299,1,0,1,0,-1,Core 1,1069.4892,168.983432208124,0.991826823312626,13plus6,P24,P24-13plus6
300,1,0,0,0,0,Core 2,1157.5416,148.004268392569,0.993873129165511,13plus6,P24,P24-13plus6
301,0,0,2,0,-1,Core 1,1256.5738,345.426768311444,0.998738004307966,13plus6,P24,P24-13plus6
302,1,0,1,1,-1,Core 1,1273.589,16.920914246105,0.956001642561704,13plus6,P24,P24-13plus6
303,2,0,0,0,0,Core 2,1331.6308,74.9569837796925,0.992498093619238,13plus6,P24,P24-13plus6
304,0,0,1,0,0,Core 2,1344.6262,237.216041734555,0.996639082421105,13plus6,P24,P24-13plus6
305,0,0,0,0,1,Core 2,1432.6786,13.8163434979493,0.960000823476695,13plus6,P24,P24-13plus6
306,3,0,0,0,0,Core 2,1505.72,39.551963575864,0.995889804929821,13plus6,P24,P24-13plus6
307,1,0,1,0,0,Core 2,1518.7154,97.0175582118079,0.994766981060264,13plus6,P24,P24-13plus6
308,1,0,0,0,1,Core 2,1606.7678,10.4917856222317,0.992078210231421,13plus6,P24,P24-13plus6
309,2,0,1,0,0,Core 2,1692.8046,44.2494283972588,0.990108567730343,13plus6,P24,P24-13plus6
310,1,0,1,1,0,Core 2,1722.8152,3.56351671385824,0.974043301204072,13plus6,P24,P24-13plus6
311,2,0,0,0,1,Core 2,1780.857,6.45053091336855,0.982704171116519,13plus6,P24,P24-13plus6
312,0,0,1,0,1,Core 2,1793.8524,7.39776320729854,0.962352783282876,13plus6,P24,P24-13plus6
313,1,0,1,0,1,Core 2,1967.9416,3.58836663766557,0.955493462759358,13plus6,P24,P24-13plus6
314,0,0,0,0,-1,Core 1,534.2262,2748.07332095376,0.999190397959278,30plus6,P24,P24-30plus6
315,0,0,1,-1,-1,STn,691.3002,755.688840072199,0.98598640338126,30plus6,P24,P24-30plus6
316,1,0,0,0,-1,Core 1,708.3154,5821.81493178061,0.999875323896865,30plus6,P24,P24-30plus6
317,0,0,1,0,-1,Core 1,895.4,3495.7261149593,0.999158145690566,30plus6,P24,P24-30plus6
318,0,0,0,0,0,Core 2,983.4524,322.42165012927,0.999049112114849,30plus6,P24,P24-30plus6
319,1,0,1,0,-1,Core 1,1069.4892,86.8168840844365,0.984027397146114,30plus6,P24,P24-30plus6
320,1,0,0,0,0,Core 2,1157.5416,212.675158380102,0.986169062352166,30plus6,P24,P24-30plus6
321,0,0,2,0,-1,Core 1,1256.5738,217.705247385021,0.996125588709671,30plus6,P24,P24-30plus6
322,2,0,0,0,0,Core 2,1331.6308,82.1980260172029,0.975204039070992,30plus6,P24,P24-30plus6
323,0,0,1,0,0,Core 2,1344.6262,98.1169802962977,0.991401087072379,30plus6,P24,P24-30plus6
324,1,1,0,0,0,Core 2,1402.668,6.68916325449772,0.905313734668105,30plus6,P24,P24-30plus6
325,0,0,0,0,1,Core 2,1432.6786,9.3854660039256,0.97777825834998,30plus6,P24,P24-30plus6
326,3,0,0,0,0,Core 2,1505.72,38.8713031806098,0.989128006953721,30plus6,P24,P24-30plus6
327,1,0,1,0,0,Core 2,1518.7154,78.069786252809,0.988370455859278,30plus6,P24,P24-30plus6
328,1,0,0,0,1,Core 2,1606.7678,6.92143419571216,0.931453115957839,30plus6,P24,P24-30plus6
329,2,0,1,0,0,Core 2,1692.8046,27.5269193510996,0.992201258258392,30plus6,P24,P24-30plus6
330,0,0,2,0,0,Core 2,1705.8,8.77410138770945,0.905017135603187,30plus6,P24,P24-30plus6
331,3,0,0,1,0,Core 2,1709.8198,2.65517311542217,0.905017135603187,30plus6,P24,P24-30plus6
332,2,0,0,0,1,Core 2,1780.857,5.33118360752022,0.90535555348916,30plus6,P24,P24-30plus6
333,3,0,0,0,1,Core 2,1954.9462,2.71533804494318,0.925749553094214,30plus6,P24,P24-30plus6
334,0,0,0,0,-1,Core 1,534.2262,2001.82039475217,0.999437623083616,16plus1,P25,P25-16plus1
335,0,0,1,-1,-1,STn,691.3002,467.801168154093,0.92535361254464,16plus1,P25,P25-16plus1
336,1,0,0,0,-1,Core 1,708.3154,2113.28705720259,0.999851444551319,16plus1,P25,P25-16plus1
337,0,0,1,0,-1,Core 1,895.4,2319.74479665071,0.997476873728878,16plus1,P25,P25-16plus1
338,1,0,0,1,-1,Core 1,912.4152,97.0519470420586,0.994137574961618,16plus1,P25,P25-16plus1
339,1,1,0,0,-1,Core 1,953.4418,7942.90679669708,0.999228972947412,16plus1,P25,P25-16plus1
340,0,0,0,0,0,Core 2,983.4524,787.066879379571,0.995883440624335,16plus1,P25,P25-16plus1
341,1,0,1,0,-1,Core 1,1069.4892,74.9133445463163,0.948759976074638,16plus1,P25,P25-16plus1
342,1,0,0,0,0,Core 2,1157.5416,106.621059166227,0.972824730895952,16plus1,P25,P25-16plus1
343,0,0,2,0,-1,Core 1,1256.5738,243.410911630885,0.994330579357434,16plus1,P25,P25-16plus1
344,1,1,1,0,-1,Core 1,1314.6156,22.7865346561854,0.956481045319723,16plus1,P25,P25-16plus1
345,2,0,0,0,0,Core 2,1331.6308,34.5021312085349,0.960044384882391,16plus1,P25,P25-16plus1
346,0,0,1,0,0,Core 2,1344.6262,105.291184621862,0.993491188696747,16plus1,P25,P25-16plus1
347,1,1,0,0,0,Core 2,1402.668,173.864642290465,0.997294911073953,16plus1,P25,P25-16plus1
348,0,0,0,0,1,Core 2,1432.6786,16.989806174157,0.960048672203056,16plus1,P25,P25-16plus1
349,1,0,1,0,0,Core 2,1518.7154,50.0941661188391,0.99776189619459,16plus1,P25,P25-16plus1
350,2,1,0,0,0,Core 2,1576.7572,39.4443277664043,0.99014614884376,16plus1,P25,P25-16plus1
351,1,0,0,0,1,Core 2,1606.7678,8.09089056868934,0.917748345727796,16plus1,P25,P25-16plus1
352,2,0,1,0,0,Core 2,1692.8046,11.6281743100009,0.991821149819151,16plus1,P25,P25-16plus1
353,3,1,0,0,0,Core 2,1750.8464,13.1733289776505,0.937713577909758,16plus1,P25,P25-16plus1
354,1,1,1,0,0,Core 2,1763.8418,15.3727433716691,0.968785165556862,16plus1,P25,P25-16plus1
355,0,0,1,0,1,Core 2,1793.8524,5.92108919162485,0.907683128443816,16plus1,P25,P25-16plus1
356,2,2,0,0,0,Core 2,1821.8836,9.54910183172606,0.971592021614141,16plus1,P25,P25-16plus1
357,1,1,0,0,1,Core 2,1851.8942,4.73701859757209,0.974718139435416,16plus1,P25,P25-16plus1
358,1,0,2,0,0,Core 2,1879.8892,9.37941539024184,0.950980298808061,16plus1,P25,P25-16plus1
359,0,0,0,0,2,Core 2,1881.9048,2.30769336269106,0.950980298808061,16plus1,P25,P25-16plus1
360,2,1,1,0,0,Core 2,1937.931,11.9506785966709,0.916239285169455,16plus1,P25,P25-16plus1
361,1,0,1,0,1,Core 2,1967.9416,6.68791772185284,0.934510471593198,16plus1,P25,P25-16plus1
362,3,2,0,0,0,Core 2,1995.9728,8.68722703400578,0.979867685371183,16plus1,P25,P25-16plus1
363,0,0,0,0,-1,Core 1,534.2262,319.225170102038,0.998042935044578,23plus5,P5,P5-23plus5
364,0,0,1,0,-1,Core 1,895.4,18.2913340406639,0.995509604194208,23plus5,P5,P5-23plus5
365,0,0,0,0,0,Core 2,983.4524,877.703576339173,0.997703544303273,23plus5,P5,P5-23plus5
366,1,0,1,0,-1,Core 1,1069.4892,10.228939166944,0.95962925966778,23plus5,P5,P5-23plus5
367,1,0,0,0,0,Core 2,1157.5416,44.09940892894,0.98864213791908,23plus5,P5,P5-23plus5
368,2,0,0,0,0,Core 2,1331.6308,9.25597823935163,0.966834516279835,23plus5,P5,P5-23plus5
369,0,0,0,0,1,Core 2,1432.6786,56.0780960191105,0.998085279373394,23plus5,P5,P5-23plus5
370,2,0,0,1,0,Core 2,1535.7306,3.7501577895408,0.903595818919462,23plus5,P5,P5-23plus5
371,1,0,0,0,1,Core 2,1606.7678,11.7864615956711,0.992330475903627,23plus5,P5,P5-23plus5
372,2,0,0,0,1,Core 2,1780.857,3.3531370722567,0.976207497335554,23plus5,P5,P5-23plus5
373,1,0,2,0,0,Core 2,1879.8892,1.01516697339053,0.995377230560592,23plus5,P5,P5-23plus5
374,0,0,0,0,2,Core 2,1881.9048,17.9238499264343,0.995377230560592,23plus5,P5,P5-23plus5
375,1,0,0,0,2,Core 2,2055.994,3.22159405945057,0.982704550686745,23plus5,P5,P5-23plus5
376,4,0,0,0,1,Core 2,2129.0354,0.949430766156704,0.908851600974024,23plus5,P5,P5-23plus5
377,2,0,0,0,2,Core 2,2230.0832,1.52575861611284,0.932847691096048,23plus5,P5,P5-23plus5
378,0,0,1,0,2,Core 2,2243.0786,0.738550488271348,0.953644915969579,23plus5,P5,P5-23plus5
391,0,0,0,0,-1,Core 1,534.2262,1503.34833597791,0.998028921304968,14plus6,P18,P18-14plus6
392,0,0,1,-1,-1,STn,691.3002,536.669271372821,0.990014261914317,14plus6,P18,P18-14plus6
393,1,0,0,0,-1,Core 1,708.3154,8366.81205630825,0.999755668783826,14plus6,P18,P18-14plus6
394,0,0,1,0,-1,Core 1,895.4,1736.8038331013,0.998863562730314,14plus6,P18,P18-14plus6
395,1,0,0,1,-1,Core 1,912.4152,6454.42637628778,0.99937730582539,14plus6,P18,P18-14plus6
396,0,0,0,0,0,Core 2,983.4524,680.701975063911,0.997905897885011,14plus6,P18,P18-14plus6
397,1,0,1,0,-1,Core 1,1069.4892,200.079274567753,0.99450929820724,14plus6,P18,P18-14plus6
398,1,0,0,0,0,Core 2,1157.5416,563.175944045318,0.995899637370993,14plus6,P18,P18-14plus6
399,0,0,2,0,-1,Core 1,1256.5738,423.924010654903,0.996201151422936,14plus6,P18,P18-14plus6
400,1,0,1,1,-1,Core 1,1273.589,70.0722110254006,0.973079434598266,14plus6,P18,P18-14plus6
401,2,0,0,0,0,Core 2,1331.6308,301.128121112136,0.986792132006498,14plus6,P18,P18-14plus6
402,0,0,1,0,0,Core 2,1344.6262,180.84352613696,0.923180568400991,14plus6,P18,P18-14plus6
403,1,0,0,1,0,Core 2,1361.6414,226.947224520424,0.993828203943147,14plus6,P18,P18-14plus6
404,1,1,0,0,0,Core 2,1402.668,64.7306183212673,0.998132521301207,14plus6,P18,P18-14plus6
405,0,0,0,0,1,Core 2,1432.6786,34.5051164245343,0.985046382285336,14plus6,P18,P18-14plus6
406,2,0,0,1,0,Core 2,1535.7306,301.716920614157,0.991067975840824,14plus6,P18,P18-14plus6
407,2,1,0,0,0,Core 2,1576.7572,59.9111277595195,0.957629751807063,14plus6,P18,P18-14plus6
408,1,0,0,0,1,Core 2,1606.7678,21.4556401830203,0.975478085097344,14plus6,P18,P18-14plus6
409,0,0,2,0,0,Core 2,1705.8,19.1636598592714,0.988416102506215,14plus6,P18,P18-14plus6
410,3,0,0,1,0,Core 2,1709.8198,142.921496000444,0.988416102506215,14plus6,P18,P18-14plus6
411,2,0,0,2,0,Core 2,1739.8304,43.5653501167778,0.98855767590824,14plus6,P18,P18-14plus6
412,2,0,0,0,1,Core 2,1780.857,18.3343891323511,0.960404069044048,14plus6,P18,P18-14plus6
413,1,0,0,1,1,Core 2,1810.8676,8.21985397473328,0.976457013483934,14plus6,P18,P18-14plus6
414,2,2,0,0,0,Core 2,1821.8836,6.35976464856453,0.95886885176322,14plus6,P18,P18-14plus6
415,1,1,0,0,1,Core 2,1851.8942,7.82964755702957,0.926478376852077,14plus6,P18,P18-14plus6
416,3,0,0,2,0,Core 2,1913.9196,27.7841469702657,0.987253892099763,14plus6,P18,P18-14plus6
417,1,0,1,0,1,Core 2,1967.9416,4.6191837864746,0.908053242316252,14plus6,P18,P18-14plus6
418,2,0,0,1,1,Core 2,1984.9568,11.3926364217927,0.971423822816868,14plus6,P18,P18-14plus6
419,0,0,1,-1,-1,STn,691.3002,1936.89829978317,0.968333094826448,21plus3,P6,P6-21plus3
420,1,0,0,0,-1,Core 1,708.3154,2881.76355698288,0.999785493054638,21plus3,P6,P6-21plus3
421,0,0,1,0,-1,Core 1,895.4,5979.21027228991,0.999949808764356,21plus3,P6,P6-21plus3
422,1,0,0,1,-1,Core 1,912.4152,517.098212158144,0.997639364220197,21plus3,P6,P6-21plus3
423,1,1,0,0,-1,Core 1,953.4418,232.273939478263,0.931959519367416,21plus3,P6,P6-21plus3
424,0,0,0,0,0,Core 2,983.4524,5771.31750015323,0.999497983181463,21plus3,P6,P6-21plus3
425,1,0,1,0,-1,Core 1,1069.4892,759.919178402078,0.996891666954722,21plus3,P6,P6-21plus3
426,1,0,0,0,0,Core 2,1157.5416,1986.90943936312,0.998679871536164,21plus3,P6,P6-21plus3
427,0,0,2,0,-1,Core 1,1256.5738,253.203652490948,0.996092413869803,21plus3,P6,P6-21plus3
428,1,0,1,1,-1,Core 1,1273.589,80.0212133019194,0.980080809747379,21plus3,P6,P6-21plus3
429,2,0,0,0,0,Core 2,1331.6308,918.824713468739,0.995380651002801,21plus3,P6,P6-21plus3
430,0,0,1,0,0,Core 2,1344.6262,901.428749770261,0.996467112605402,21plus3,P6,P6-21plus3
431,1,0,0,1,0,Core 2,1361.6414,190.609140754092,0.990203118416703,21plus3,P6,P6-21plus3
432,0,0,0,0,1,Core 2,1432.6786,95.9682210200608,0.95647089101733,21plus3,P6,P6-21plus3
433,3,0,0,0,0,Core 2,1505.72,457.139496790328,0.995957150045603,21plus3,P6,P6-21plus3
434,2,0,0,1,0,Core 2,1535.7306,292.604631265309,0.991458039394771,21plus3,P6,P6-21plus3
435,0,0,2,0,0,Core 2,1705.8,3.32674187203911,0.999411096267806,21plus3,P6,P6-21plus3
436,3,0,0,1,0,Core 2,1709.8198,373.634535230101,0.999411096267806,21plus3,P6,P6-21plus3
437,2,0,0,0,1,Core 2,1780.857,7.35192158016071,0.970953831411276,21plus3,P6,P6-21plus3
438,3,0,0,0,1,Core 2,1954.9462,4.08851999816501,0.974318195369621,21plus3,P6,P6-21plus3
439,4,1,0,0,1,Core 2,2374.1618,5.12198701172969,0.989595036155618,21plus3,P6,P6-21plus3
440,0,0,0,0,-1,Core 1,534.2262,1715.14244648188,0.998473472349974,20plus4,P3,P3-20plus4
441,0,0,1,-1,-1,STn,691.3002,116.448544577297,0.945631671307976,20plus4,P3,P3-20plus4
442,1,0,0,0,-1,Core 1,708.3154,98.3992743305643,0.938051934090888,20plus4,P3,P3-20plus4
443,0,0,1,0,-1,Core 1,895.4,851.9777530014,0.999039935979662,20plus4,P3,P3-20plus4
444,1,0,0,1,-1,Core 1,912.4152,41.3232683057511,0.977644787101218,20plus4,P3,P3-20plus4
445,0,0,0,0,0,Core 2,983.4524,985.462216124804,0.998728713970219,20plus4,P3,P3-20plus4
446,1,0,0,0,0,Core 2,1157.5416,207.248099469468,0.998112174900886,20plus4,P3,P3-20plus4
447,0,0,2,0,-1,Core 1,1256.5738,152.807083173543,0.994326392104974,20plus4,P3,P3-20plus4
448,2,0,0,0,0,Core 2,1331.6308,12.9938052075048,0.964089918484552,20plus4,P3,P3-20plus4
449,0,0,1,0,0,Core 2,1344.6262,131.43997817855,0.990373991310092,20plus4,P3,P3-20plus4
450,0,0,0,0,1,Core 2,1432.6786,43.5705085632153,0.995464887443279,20plus4,P3,P3-20plus4
451,1,0,1,0,0,Core 2,1518.7154,34.3442456629861,0.994220512164108,20plus4,P3,P3-20plus4
452,1,0,0,0,1,Core 2,1606.7678,30.276226107357,0.982891242204392,20plus4,P3,P3-20plus4
453,2,0,1,0,0,Core 2,1692.8046,3.60736713341921,0.945714967930481,20plus4,P3,P3-20plus4
454,0,0,2,0,0,Core 2,1705.8,21.3877242367786,0.990012790232048,20plus4,P3,P3-20plus4
455,3,0,0,1,0,Core 2,1709.8198,1.04670355040831,0.990012790232048,20plus4,P3,P3-20plus4
456,2,0,0,0,1,Core 2,1780.857,8.54342848631756,0.977991156963302,20plus4,P3,P3-20plus4
457,1,0,2,0,0,Core 2,1879.8892,4.42950540185224,0.943385468173876,20plus4,P3,P3-20plus4
458,0,0,0,0,2,Core 2,1881.9048,4.93278062801534,0.943385468173876,20plus4,P3,P3-20plus4
459,1,0,1,0,1,Core 2,1967.9416,6.05173166717559,0.994312160283969,20plus4,P3,P3-20plus4
460,2,0,1,0,1,Core 2,2142.0308,1.91589339940456,0.955596247635187,20plus4,P3,P3-20plus4
485,0,0,0,0,-1,Core 1,534.2262,2719.6896165567,0.99926875561935,23plus3,P12,P12-23plus3
486,0,0,1,-1,-1,STn,691.3002,305.425432285905,0.996824871862169,23plus3,P12,P12-23plus3
487,1,0,0,0,-1,Core 1,708.3154,2054.37541017018,0.999429689894494,23plus3,P12,P12-23plus3
488,0,0,1,0,-1,Core 1,895.4,529.809445102497,0.997294162228654,23plus3,P12,P12-23plus3
489,1,0,0,1,-1,Core 1,912.4152,27.009978896298,0.981176542131989,23plus3,P12,P12-23plus3
490,0,0,0,0,0,Core 2,983.4524,562.005630092417,0.996896269500176,23plus3,P12,P12-23plus3
491,1,0,1,0,-1,Core 1,1069.4892,39.5268930117639,0.963426062369721,23plus3,P12,P12-23plus3
492,1,0,0,0,0,Core 2,1157.5416,451.868252759684,0.99606899933572,23plus3,P12,P12-23plus3
493,0,0,2,0,-1,Core 1,1256.5738,24.7771232217192,0.989283707488654,23plus3,P12,P12-23plus3
494,2,0,0,0,0,Core 2,1331.6308,170.015522534669,0.990684366683912,23plus3,P12,P12-23plus3
495,0,0,1,0,0,Core 2,1344.6262,37.4845865832745,0.929990478756447,23plus3,P12,P12-23plus3
496,1,0,0,1,0,Core 2,1361.6414,9.40373661566655,0.950153272878441,23plus3,P12,P12-23plus3
497,0,0,0,0,1,Core 2,1432.6786,7.83181076115673,0.995206081949124,23plus3,P12,P12-23plus3
498,3,0,0,0,0,Core 2,1505.72,20.2468769644563,0.982777372179273,23plus3,P12,P12-23plus3
499,1,0,1,0,0,Core 2,1518.7154,21.1956708712069,0.989504797622296,23plus3,P12,P12-23plus3
500,2,0,0,1,0,Core 2,1535.7306,3.82702053852928,0.91519050268038,23plus3,P12,P12-23plus3
501,1,0,0,0,1,Core 2,1606.7678,7.50863153319954,0.989656366078748,23plus3,P12,P12-23plus3
502,2,0,1,0,0,Core 2,1692.8046,6.99145445306378,0.949347835577286,23plus3,P12,P12-23plus3
503,2,0,0,0,1,Core 2,1780.857,5.66495897491284,0.975251085776022,23plus3,P12,P12-23plus3
504,3,0,0,0,1,Core 2,1954.9462,2.95923940538398,0.91605566449723,23plus3,P12,P12-23plus3
505,4,0,0,0,1,Core 2,2129.0354,1.29698396729762,0.920462384067888,23plus3,P12,P12-23plus3
506,0,0,0,0,-1,Core 1,534.2262,1671.912,0.9470514,21plus2,P22,P22-21plus2
507,1,0,0,0,-1,Core 1,708.3154,1569.722,0.9998009,21plus2,P22,P22-21plus2
508,0,0,1,0,-1,Core 1,895.4,2608.798,0.998182,21plus2,P22,P22-21plus2
509,1,1,0,0,-1,Core 1,953.4418,3473.699,0.9801083,21plus2,P22,P22-21plus2
510,0,0,0,0,0,Core 2,983.4524,2332.614,0.9990886,21plus2,P22,P22-21plus2
511,1,0,1,0,-1,Core 1,1069.489,77.53695,0.9624083,21plus2,P22,P22-21plus2
512,1,0,0,0,0,Core 2,1157.542,415.5247,0.9946038,21plus2,P22,P22-21plus2
513,0,0,2,0,-1,Core 1,1256.574,155.9055,0.9922499,21plus2,P22,P22-21plus2
514,2,0,0,0,0,Core 2,1331.631,37.17159,0.9789267,21plus2,P22,P22-21plus2
515,0,0,1,0,0,Core 2,1344.626,285.7337,0.9968832,21plus2,P22,P22-21plus2
516,1,0,0,1,0,Core 2,1361.641,15.90057,0.9203304,21plus2,P22,P22-21plus2
517,1,1,0,0,0,Core 2,1402.668,56.75248,0.9518164,21plus2,P22,P22-21plus2
518,0,0,0,0,1,Core 2,1432.679,53.83978,0.9961479,21plus2,P22,P22-21plus2
519,3,0,0,0,0,Core 2,1505.72,10.66464,0.9896738,21plus2,P22,P22-21plus2
520,1,0,1,0,0,Core 2,1518.715,52.8495,0.9962162,21plus2,P22,P22-21plus2
521,2,0,0,1,0,Core 2,1535.731,4.619093,0.9553652,21plus2,P22,P22-21plus2
522,2,1,0,0,0,Core 2,1576.757,19.03107,0.978993,21plus2,P22,P22-21plus2
523,1,0,0,0,1,Core 2,1606.768,11.33546,0.9870342,21plus2,P22,P22-21plus2
524,2,0,1,0,0,Core 2,1692.805,7.666691,0.9836335,21plus2,P22,P22-21plus2
525,0,0,2,0,0,Core 2,1705.8,11.31836,0.9535879,21plus2,P22,P22-21plus2
526,3,0,0,1,0,Core 2,1709.82,1.924881,0.9535879,21plus2,P22,P22-21plus2
527,3,1,0,0,0,Core 2,1750.846,5.57065,0.9720613,21plus2,P22,P22-21plus2
528,1,1,1,0,0,Core 2,1763.842,7.531123,0.9762054,21plus2,P22,P22-21plus2
529,2,0,0,0,1,Core 2,1780.857,3.734497,0.940791,21plus2,P22,P22-21plus2
530,0,0,1,0,1,Core 2,1793.852,8.031977,0.9546529,21plus2,P22,P22-21plus2
531,1,0,2,0,0,Core 2,1879.889,5.125803,0.9957947,21plus2,P22,P22-21plus2
532,0,0,0,0,2,Core 2,1881.905,17.25705,0.9957947,21plus2,P22,P22-21plus2
533,2,1,1,0,0,Core 2,1937.931,5.663741,0.9541309,21plus2,P22,P22-21plus2
534,1,0,0,0,2,Core 2,2055.994,2.34749,0.9603121,21plus2,P22,P22-21plus2
535,0,0,0,0,-1,Core 1,534.2262,2821.281,0.9999244,20plus3,P21,P21-20plus3
536,1,0,0,0,-1,Core 1,708.3154,2175.387,0.999919,20plus3,P21,P21-20plus3
537,0,0,1,0,-1,Core 1,895.4,9558.266,0.9998794,20plus3,P21,P21-20plus3
538,1,0,0,1,-1,Core 1,912.4152,679.7263,0.9994131,20plus3,P21,P21-20plus3
539,1,1,0,0,-1,Core 1,953.4418,42.01156,0.923944,20plus3,P21,P21-20plus3
540,0,0,0,0,0,Core 2,983.4524,125.434,0.9886424,20plus3,P21,P21-20plus3
541,1,0,1,0,-1,Core 1,1069.489,107.1059,0.9727075,20plus3,P21,P21-20plus3
542,1,0,0,0,0,Core 2,1157.542,119.6016,0.9836072,20plus3,P21,P21-20plus3
543,0,0,2,0,-1,Core 1,1256.574,327.7211,0.9919951,20plus3,P21,P21-20plus3
544,2,0,0,0,0,Core 2,1331.631,19.37398,0.9390872,20plus3,P21,P21-20plus3
545,0,0,1,0,0,Core 2,1344.626,19.49489,0.9878484,20plus3,P21,P21-20plus3
546,1,0,0,1,0,Core 2,1361.641,8.484298,0.9697477,20plus3,P21,P21-20plus3
547,0,0,0,0,1,Core 2,1432.679,5.838919,0.9016666,20plus3,P21,P21-20plus3
548,1,0,1,0,0,Core 2,1518.715,11.01031,0.995615,20plus3,P21,P21-20plus3
549,2,0,0,1,0,Core 2,1535.731,7.037044,0.969064,20plus3,P21,P21-20plus3
550,2,0,1,0,0,Core 2,1692.805,5.439874,0.907124,20plus3,P21,P21-20plus3
551,0,0,2,0,0,Core 2,1705.8,3.132091,0.9278536,20plus3,P21,P21-20plus3
552,3,0,0,1,0,Core 2,1709.82,3.82607,0.9278536,20plus3,P21,P21-20plus3
553,1,1,0,0,1,Core 2,1851.894,4.315413,0.913655,20plus3,P21,P21-20plus3
554,1,0,0,0,2,Core 2,2055.994,4.672606,0.9698688,20plus3,P21,P21-20plus3
555,1,0,0,1,2,Core 2,2260.094,2.536356,0.92579,20plus3,P21,P21-20plus3
556,0,0,0,0,-1,Core 1,534.2262,2816.312,0.9995445,24plus2,P17,P17-24plus2
557,0,0,1,-1,-1,STn,691.3002,2922.347,0.999095,24plus2,P17,P17-24plus2
558,1,0,0,0,-1,Core 1,708.3154,2111.214,0.9998011,24plus2,P17,P17-24plus2
559,0,0,1,0,-1,Core 1,895.4,8932.536,0.9998257,24plus2,P17,P17-24plus2
560,1,0,0,1,-1,Core 1,912.4152,453.4822,0.9948218,24plus2,P17,P17-24plus2
561,0,0,0,0,0,Core 2,983.4524,2436.54,0.9984936,24plus2,P17,P17-24plus2
562,1,0,1,0,-1,Core 1,1069.489,233.6233,0.9850038,24plus2,P17,P17-24plus2
563,1,0,0,0,0,Core 2,1157.542,1680.581,0.997806,24plus2,P17,P17-24plus2
564,0,0,2,0,-1,Core 1,1256.574,1641.686,0.9972072,24plus2,P17,P17-24plus2
565,1,0,1,1,-1,Core 1,1273.589,46.91203,0.9768808,24plus2,P17,P17-24plus2
566,2,0,0,0,0,Core 2,1331.631,426.436,0.9868073,24plus2,P17,P17-24plus2
567,0,0,1,0,0,Core 2,1344.626,1696.354,0.9978563,24plus2,P17,P17-24plus2
568,1,0,0,1,0,Core 2,1361.641,97.88318,0.9709926,24plus2,P17,P17-24plus2
569,1,1,0,0,0,Core 2,1402.668,40.11378,0.9522211,24plus2,P17,P17-24plus2
570,0,0,0,0,1,Core 2,1432.679,51.29178,0.9991406,24plus2,P17,P17-24plus2
571,3,0,0,0,0,Core 2,1505.72,74.17986,0.9280324,24plus2,P17,P17-24plus2
572,1,0,1,0,0,Core 2,1518.715,646.5837,0.9940719,24plus2,P17,P17-24plus2
573,2,0,0,1,0,Core 2,1535.731,91.18941,0.985513,24plus2,P17,P17-24plus2
574,1,0,0,0,1,Core 2,1606.768,50.21586,0.9915008,24plus2,P17,P17-24plus2
575,2,0,1,0,0,Core 2,1692.805,62.03305,0.9938252,24plus2,P17,P17-24plus2
576,0,0,2,0,0,Core 2,1705.8,58.43071,0.9944356,24plus2,P17,P17-24plus2
577,3,0,0,1,0,Core 2,1709.82,21.83449,0.9944356,24plus2,P17,P17-24plus2
578,1,0,1,1,0,Core 2,1722.815,9.701486,0.9947038,24plus2,P17,P17-24plus2
579,2,0,0,0,1,Core 2,1780.857,23.45205,0.990527,24plus2,P17,P17-24plus2
580,0,0,1,0,1,Core 2,1793.852,22.74345,0.9777038,24plus2,P17,P17-24plus2
581,1,0,0,1,1,Core 2,1810.868,6.456175,0.9612621,24plus2,P17,P17-24plus2
582,1,1,0,0,1,Core 2,1851.894,8.019588,0.9963486,24plus2,P17,P17-24plus2
583,1,0,2,0,0,Core 2,1879.889,10.18721,0.9690268,24plus2,P17,P17-24plus2
584,0,0,0,0,2,Core 2,1881.905,7.032033,0.9690268,24plus2,P17,P17-24plus2
585,2,0,1,1,0,Core 2,1896.904,7.74004,0.9626211,24plus2,P17,P17-24plus2
586,3,0,0,0,1,Core 2,1954.946,8.293934,0.9042324,24plus2,P17,P17-24plus2
587,1,0,1,0,1,Core 2,1967.942,16.17905,0.9766989,24plus2,P17,P17-24plus2
588,2,0,0,1,1,Core 2,1984.957,3.75559,0.9292678,24plus2,P17,P17-24plus2
589,1,0,0,0,2,Core 2,2055.994,4.752478,0.9410418,24plus2,P17,P17-24plus2
590,2,0,1,0,1,Core 2,2142.031,3.187201,0.9337828,24plus2,P17,P17-24plus2
591,2,0,0,0,2,Core 2,2230.083,2.791833,0.9080541,24plus2,P17,P17-24plus2
592,0,0,0,0,-1,Core 1,534.2262,2272.001,0.9999799,22plus0,P8,P8-22plus0
593,1,0,0,0,-1,Core 1,708.3154,4212.368,0.9999942,22plus0,P8,P8-22plus0
594,0,0,1,0,-1,Core 1,895.4,153.7985,0.9866881,22plus0,P8,P8-22plus0
595,1,0,0,1,-1,Core 1,912.4152,58.0876,0.9998615,22plus0,P8,P8-22plus0
596,1,1,0,0,-1,Core 1,953.4418,6224.983,0.9996579,22plus0,P8,P8-22plus0
597,0,0,0,0,0,Core 2,983.4524,1910.509,0.9970402,22plus0,P8,P8-22plus0
598,1,0,0,0,0,Core 2,1157.542,719.1424,0.995676,22plus0,P8,P8-22plus0
599,2,0,0,0,0,Core 2,1331.631,335.1421,0.9949703,22plus0,P8,P8-22plus0
600,1,0,0,1,0,Core 2,1361.641,13.44511,0.9900507,22plus0,P8,P8-22plus0
601,1,1,0,0,0,Core 2,1402.668,179.3714,0.993162,22plus0,P8,P8-22plus0
602,3,0,0,0,0,Core 2,1505.72,98.88538,0.9975368,22plus0,P8,P8-22plus0
603,2,1,0,0,0,Core 2,1576.757,158.4456,0.9943445,22plus0,P8,P8-22plus0
604,0,0,2,0,0,Core 2,1705.8,2.648548,0.9843806,22plus0,P8,P8-22plus0
605,3,0,0,1,0,Core 2,1709.82,5.12944,0.9843806,22plus0,P8,P8-22plus0
606,3,1,0,0,0,Core 2,1750.846,32.80576,0.9522581,22plus0,P8,P8-22plus0
607,2,0,0,0,1,Core 2,1780.857,30.82728,0.9889728,22plus0,P8,P8-22plus0
608,2,2,0,0,0,Core 2,1821.884,12.70302,0.9659146,22plus0,P8,P8-22plus0
609,2,0,1,1,0,Core 2,1896.904,1.948428,0.9287747,22plus0,P8,P8-22plus0
610,3,0,0,0,1,Core 2,1954.946,15.28961,0.9927284,22plus0,P8,P8-22plus0
611,3,2,0,0,0,Core 2,1995.973,26.40136,0.9622203,22plus0,P8,P8-22plus0
612,2,1,0,0,1,Core 2,2025.983,6.991672,0.9872543,22plus0,P8,P8-22plus0
613,1,0,0,0,2,Core 2,2055.994,5.485143,0.9688902,22plus0,P8,P8-22plus0
614,4,0,0,0,1,Core 2,2129.035,7.79953,0.9914974,22plus0,P8,P8-22plus0
615,3,1,0,0,1,Core 2,2200.073,7.143626,0.9620175,22plus0,P8,P8-22plus0
616,2,0,0,0,2,Core 2,2230.083,4.157451,0.9226284,22plus0,P8,P8-22plus0
617,3,0,1,0,1,Core 2,2316.12,0.3402919,0.9908472,22plus0,P8,P8-22plus0
618,4,1,0,0,1,Core 2,2374.162,3.360248,0.9743116,22plus0,P8,P8-22plus0
619,0,0,0,0,-1,Core 1,534.2262,1554.622,0.9941408,21plus4,P29,P29-21plus4
620,0,0,1,-1,-1,STn,691.3002,611.4844,0.9966068,21plus4,P29,P29-21plus4
621,1,0,0,0,-1,Core 1,708.3154,1357.374,0.9973458,21plus4,P29,P29-21plus4
622,0,0,1,0,-1,Core 1,895.4,3089.455,0.9980947,21plus4,P29,P29-21plus4
623,1,0,0,1,-1,Core 1,912.4152,217.8156,0.9969841,21plus4,P29,P29-21plus4
624,1,1,0,0,-1,Core 1,953.4418,8688.156,0.9980528,21plus4,P29,P29-21plus4
625,0,0,0,0,0,Core 2,983.4524,718.4785,0.9960125,21plus4,P29,P29-21plus4
626,1,0,1,0,-1,Core 1,1069.489,111.2032,0.9822536,21plus4,P29,P29-21plus4
627,1,0,0,0,0,Core 2,1157.542,186.9145,0.9863361,21plus4,P29,P29-21plus4
628,0,0,2,0,-1,Core 1,1256.574,431.4907,0.9901644,21plus4,P29,P29-21plus4
629,1,0,1,1,-1,Core 1,1273.589,35.49105,0.9525551,21plus4,P29,P29-21plus4
630,1,1,1,0,-1,Core 1,1314.616,48.91789,0.9796122,21plus4,P29,P29-21plus4
631,2,0,0,0,0,Core 2,1331.631,62.46533,0.9948099,21plus4,P29,P29-21plus4
632,0,0,1,0,0,Core 2,1344.626,176.9053,0.9923626,21plus4,P29,P29-21plus4
633,1,0,0,1,0,Core 2,1361.641,20.74445,0.9649284,21plus4,P29,P29-21plus4
634,1,1,0,0,0,Core 2,1402.668,202.4378,0.9944187,21plus4,P29,P29-21plus4
635,0,0,0,0,1,Core 2,1432.679,15.4342,0.9988327,21plus4,P29,P29-21plus4
636,3,0,0,0,0,Core 2,1505.72,16.04378,0.9235857,21plus4,P29,P29-21plus4
637,1,0,1,0,0,Core 2,1518.715,157.4573,0.9932906,21plus4,P29,P29-21plus4
638,2,0,0,1,0,Core 2,1535.731,18.6153,0.9009957,21plus4,P29,P29-21plus4
639,2,1,0,0,0,Core 2,1576.757,87.14489,0.9897894,21plus4,P29,P29-21plus4
640,1,0,0,0,1,Core 2,1606.768,10.0838,0.9461917,21plus4,P29,P29-21plus4
641,2,0,1,0,0,Core 2,1692.805,20.62446,0.9983628,21plus4,P29,P29-21plus4
642,1,0,1,1,0,Core 2,1722.815,4.952329,0.9709342,21plus4,P29,P29-21plus4
643,3,1,0,0,0,Core 2,1750.846,16.01823,0.965641,21plus4,P29,P29-21plus4
644,1,1,1,0,0,Core 2,1763.842,33.0059,0.9956386,21plus4,P29,P29-21plus4
645,2,0,0,0,1,Core 2,1780.857,11.1371,0.9596153,21plus4,P29,P29-21plus4
646,0,0,1,0,1,Core 2,1793.852,6.010496,0.9179652,21plus4,P29,P29-21plus4
647,1,0,0,1,1,Core 2,1810.868,2.876754,0.9683323,21plus4,P29,P29-21plus4
648,2,2,0,0,0,Core 2,1821.884,20.46695,0.9897809,21plus4,P29,P29-21plus4
649,1,1,0,0,1,Core 2,1851.894,6.085758,0.9927999,21plus4,P29,P29-21plus4
650,1,0,2,0,0,Core 2,1879.889,39.27844,0.9963853,21plus4,P29,P29-21plus4
651,0,0,0,0,2,Core 2,1881.905,0.862878,0.9963853,21plus4,P29,P29-21plus4
652,2,1,1,0,0,Core 2,1937.931,44.51641,0.9992044,21plus4,P29,P29-21plus4
653,3,0,0,0,1,Core 2,1954.946,8.208267,0.9052921,21plus4,P29,P29-21plus4
654,1,0,1,0,1,Core 2,1967.942,7.972965,0.9934341,21plus4,P29,P29-21plus4
655,3,2,0,0,0,Core 2,1995.973,20.94324,0.9873628,21plus4,P29,P29-21plus4
656,2,1,0,0,1,Core 2,2025.983,4.622256,0.9732531,21plus4,P29,P29-21plus4
657,3,1,0,0,1,Core 2,2200.073,3.341346,0.9165618,21plus4,P29,P29-21plus4
658,3,2,0,0,1,Core 2,2445.199,1.466545,0.9134879,21plus4,P29,P29-21plus4
659,0,0,0,0,-1,Core 1,534.2262,2267.717,0.9977052,30plus5,P32,P32-30plus5
660,0,0,1,-1,-1,STn,691.3002,345.615,0.9984704,30plus5,P32,P32-30plus5
661,1,0,0,0,-1,Core 1,708.3154,4363.595,0.9991497,30plus5,P32,P32-30plus5
662,0,0,1,0,-1,Core 1,895.4,4233.163,0.9999687,30plus5,P32,P32-30plus5
663,1,0,0,1,-1,Core 1,912.4152,4824.523,0.9987054,30plus5,P32,P32-30plus5
664,0,0,0,0,0,Core 2,983.4524,316.0846,0.9930447,30plus5,P32,P32-30plus5
665,1,0,1,0,-1,Core 1,1069.489,181.3348,0.9869298,30plus5,P32,P32-30plus5
666,1,0,0,0,0,Core 2,1157.542,321.8911,0.991025,30plus5,P32,P32-30plus5
667,0,0,2,0,-1,Core 1,1256.574,860.1067,0.9954597,30plus5,P32,P32-30plus5
668,1,0,1,1,-1,Core 1,1273.589,117.4778,0.958695,30plus5,P32,P32-30plus5
669,2,0,0,0,0,Core 2,1331.631,122.6863,0.993004,30plus5,P32,P32-30plus5
670,0,0,1,0,0,Core 2,1344.626,115.7637,0.9540789,30plus5,P32,P32-30plus5
671,1,0,0,1,0,Core 2,1361.641,51.22342,0.9953653,30plus5,P32,P32-30plus5
672,1,1,0,0,0,Core 2,1402.668,9.078683,0.9824403,30plus5,P32,P32-30plus5
673,0,0,0,0,1,Core 2,1432.679,12.13623,0.9926091,30plus5,P32,P32-30plus5
674,1,0,1,0,0,Core 2,1518.715,179.9974,0.9914931,30plus5,P32,P32-30plus5
675,2,0,0,1,0,Core 2,1535.731,106.8269,0.9841069,30plus5,P32,P32-30plus5
676,1,0,0,0,1,Core 2,1606.768,11.78254,0.9839752,30plus5,P32,P32-30plus5
677,2,0,1,0,0,Core 2,1692.805,52.30877,0.9941447,30plus5,P32,P32-30plus5
678,0,0,2,0,0,Core 2,1705.8,18.14937,0.9033288,30plus5,P32,P32-30plus5
679,3,0,0,1,0,Core 2,1709.82,36.38152,0.9033288,30plus5,P32,P32-30plus5
680,2,0,0,2,0,Core 2,1739.83,5.168461,0.9470917,30plus5,P32,P32-30plus5
681,2,0,0,0,1,Core 2,1780.857,11.91449,0.9878091,30plus5,P32,P32-30plus5
682,1,0,0,1,1,Core 2,1810.868,3.13361,0.9839562,30plus5,P32,P32-30plus5
683,1,1,0,0,1,Core 2,1851.894,6.31977,0.9578064,30plus5,P32,P32-30plus5
684,1,0,2,0,0,Core 2,1879.889,39.03107,0.9746426,30plus5,P32,P32-30plus5
685,0,0,0,0,2,Core 2,1881.905,5.8507,0.9746426,30plus5,P32,P32-30plus5
686,2,0,1,1,0,Core 2,1896.904,55.82908,0.9831739,30plus5,P32,P32-30plus5
687,3,0,0,2,0,Core 2,1913.92,18.30543,0.9548743,30plus5,P32,P32-30plus5
688,3,0,0,0,1,Core 2,1954.946,6.924819,0.9601216,30plus5,P32,P32-30plus5
689,2,0,0,1,1,Core 2,1984.957,4.402832,0.939902,30plus5,P32,P32-30plus5
690,0,0,2,0,1,Core 2,2155.026,1.420435,0.9373092,30plus5,P32,P32-30plus5
691,3,0,0,1,1,Core 2,2159.046,5.618089,0.9373092,30plus5,P32,P32-30plus5
692,1,0,0,1,2,Core 2,2260.094,2.019128,0.9226375,30plus5,P32,P32-30plus5
693,3,0,0,2,1,Core 2,2363.146,1.30403,0.9606539,30plus5,P32,P32-30plus5
698,0,0,0,0,-1,Core 1,534.2262,303.7606,0.9982055,15plus4,P29,P29-15plus4
699,1,0,0,0,-1,Core 1,708.3154,516.7248,0.9994795,15plus4,P29,P29-15plus4
700,1,1,0,0,-1,Core 1,953.4418,1919.298,0.9950104,15plus4,P29,P29-15plus4
701,0,0,0,0,0,Core 2,983.4524,131.577,0.9789639,15plus4,P29,P29-15plus4
702,1,0,1,0,-1,Core 1,1069.489,20.98674,0.909828,15plus4,P29,P29-15plus4
703,1,0,0,0,0,Core 2,1157.542,33.49945,0.9921187,15plus4,P29,P29-15plus4
704,0,0,2,0,-1,Core 1,1256.574,42.57052,0.9957543,15plus4,P29,P29-15plus4
705,1,0,1,1,-1,Core 1,1273.589,8.014184,0.9295637,15plus4,P29,P29-15plus4
706,2,0,0,0,0,Core 2,1331.631,16.21503,0.9660482,15plus4,P29,P29-15plus4
707,0,0,1,0,0,Core 2,1344.626,13.55245,0.9786992,15plus4,P29,P29-15plus4
708,1,1,0,0,0,Core 2,1402.668,30.94151,0.9841061,15plus4,P29,P29-15plus4
709,3,0,0,0,0,Core 2,1505.72,5.316301,0.9656599,15plus4,P29,P29-15plus4
710,1,0,1,0,0,Core 2,1518.715,12.60024,0.9962228,15plus4,P29,P29-15plus4
711,2,1,0,0,0,Core 2,1576.757,14.1863,0.9727134,15plus4,P29,P29-15plus4
712,2,0,1,0,0,Core 2,1692.805,3.654111,0.9697468,15plus4,P29,P29-15plus4
713,3,1,0,0,0,Core 2,1750.846,3.782541,0.937613,15plus4,P29,P29-15plus4
714,1,0,2,0,0,Core 2,1879.889,6.549227,0.991135,15plus4,P29,P29-15plus4
715,0,0,0,0,2,Core 2,1881.905,1.060553,0.991135,15plus4,P29,P29-15plus4
716,2,1,1,0,0,Core 2,1937.931,4.924717,0.9972063,15plus4,P29,P29-15plus4
717,3,2,0,0,0,Core 2,1995.973,4.025155,0.9582131,15plus4,P29,P29-15plus4
718,3,1,0,0,1,Core 2,2200.073,0.8266432,0.9299393,15plus4,P29,P29-15plus4
741,0,0,0,0,-1,Core 1,534.2262,989.656,0.9985802,15plus4,P30,P30-15plus4
742,0,0,1,-1,-1,STn,691.3002,518.3205,0.9722516,15plus4,P30,P30-15plus4
743,1,0,0,0,-1,Core 1,708.3154,528.113,0.9999256,15plus4,P30,P30-15plus4
744,0,0,1,0,-1,Core 1,895.4,1937.651,0.9963406,15plus4,P30,P30-15plus4
745,1,0,0,1,-1,Core 1,912.4152,100.713,0.9991282,15plus4,P30,P30-15plus4
746,1,1,0,0,-1,Core 1,953.4418,2346.045,0.9973751,15plus4,P30,P30-15plus4
747,0,0,0,0,0,Core 2,983.4524,188.0594,0.9854643,15plus4,P30,P30-15plus4
748,1,0,1,0,-1,Core 1,1069.489,35.21444,0.9461931,15plus4,P30,P30-15plus4
749,1,0,0,0,0,Core 2,1157.542,82.02891,0.988252,15plus4,P30,P30-15plus4
750,0,0,2,0,-1,Core 1,1256.574,177.2318,0.992371,15plus4,P30,P30-15plus4
751,1,0,1,1,-1,Core 1,1273.589,12.30891,0.9526526,15plus4,P30,P30-15plus4
752,1,1,1,0,-1,Core 1,1314.616,9.225779,0.9298279,15plus4,P30,P30-15plus4
753,2,0,0,0,0,Core 2,1331.631,10.00915,0.9392966,15plus4,P30,P30-15plus4
754,0,0,1,0,0,Core 2,1344.626,72.77142,0.9880805,15plus4,P30,P30-15plus4
755,1,0,0,1,0,Core 2,1361.641,6.827432,0.9997111,15plus4,P30,P30-15plus4
756,1,1,0,0,0,Core 2,1402.668,9.423675,0.9759041,15plus4,P30,P30-15plus4
757,1,0,1,0,0,Core 2,1518.715,34.00398,0.9833396,15plus4,P30,P30-15plus4
758,2,1,0,0,0,Core 2,1576.757,7.745013,0.9784583,15plus4,P30,P30-15plus4
759,2,0,1,0,0,Core 2,1692.805,4.045502,0.9857907,15plus4,P30,P30-15plus4
760,0,0,2,0,0,Core 2,1705.8,8.03703,0.9565542,15plus4,P30,P30-15plus4
761,3,0,0,1,0,Core 2,1709.82,1.117501,0.9565542,15plus4,P30,P30-15plus4
762,3,1,0,0,0,Core 2,1750.846,2.761171,0.9398901,15plus4,P30,P30-15plus4
763,0,0,1,0,1,Core 2,1793.852,1.967993,0.9779118,15plus4,P30,P30-15plus4
764,2,1,1,0,0,Core 2,1937.931,4.866846,0.9815962,15plus4,P30,P30-15plus4
765,3,2,0,0,0,Core 2,1995.973,2.763996,0.9962652,15plus4,P30,P30-15plus4
766,1,1,0,0,2,Core 2,2301.12,0.7549556,0.9394226,15plus4,P30,P30-15plus4
767,0,0,0,0,-1,Core 1,534.2262,5190.819,0.9992549,24plus4,P30,P30-24plus4
768,0,0,1,-1,-1,STn,691.3002,1154.792,0.9794972,24plus4,P30,P30-24plus4
769,1,0,0,0,-1,Core 1,708.3154,1949.5,0.998746,24plus4,P30,P30-24plus4
770,0,0,1,0,-1,Core 1,895.4,12834.26,0.9992062,24plus4,P30,P30-24plus4
771,1,0,0,1,-1,Core 1,912.4152,583.6599,0.9999998,24plus4,P30,P30-24plus4
772,1,1,0,0,-1,Core 1,953.4418,12307.61,0.9996168,24plus4,P30,P30-24plus4
773,0,0,0,0,0,Core 2,983.4524,1276.405,0.9919116,24plus4,P30,P30-24plus4
774,1,0,1,0,-1,Core 1,1069.489,135.738,0.9397581,24plus4,P30,P30-24plus4
775,1,0,0,0,0,Core 2,1157.542,925.4211,0.9920374,24plus4,P30,P30-24plus4
776,0,0,2,0,-1,Core 1,1256.574,3169.327,0.9972808,24plus4,P30,P30-24plus4
777,1,0,1,1,-1,Core 1,1273.589,160.078,0.9542895,24plus4,P30,P30-24plus4
778,1,1,1,0,-1,Core 1,1314.616,75.36716,0.9951825,24plus4,P30,P30-24plus4
779,2,0,0,0,0,Core 2,1331.631,70.77255,0.9665005,24plus4,P30,P30-24plus4
780,0,0,1,0,0,Core 2,1344.626,680.3892,0.9908823,24plus4,P30,P30-24plus4
781,1,0,0,1,0,Core 2,1361.641,62.02826,0.9626733,24plus4,P30,P30-24plus4
782,1,1,0,0,0,Core 2,1402.668,170.1416,0.9984476,24plus4,P30,P30-24plus4
783,0,0,0,0,1,Core 2,1432.679,26.13266,0.9870986,24plus4,P30,P30-24plus4
784,3,0,0,0,0,Core 2,1505.72,15.05539,0.9688087,24plus4,P30,P30-24plus4
785,1,0,1,0,0,Core 2,1518.715,440.4276,0.9889857,24plus4,P30,P30-24plus4
786,2,0,0,1,0,Core 2,1535.731,29.44244,0.9235775,24plus4,P30,P30-24plus4
787,2,1,0,0,0,Core 2,1576.757,147.0938,0.9843205,24plus4,P30,P30-24plus4
788,1,0,0,0,1,Core 2,1606.768,22.20292,0.9817491,24plus4,P30,P30-24plus4
789,2,0,1,0,0,Core 2,1692.805,32.95306,0.926577,24plus4,P30,P30-24plus4
790,0,0,2,0,0,Core 2,1705.8,63.22651,0.9966455,24plus4,P30,P30-24plus4
791,3,0,0,1,0,Core 2,1709.82,3.881313,0.9966455,24plus4,P30,P30-24plus4
792,1,0,1,1,0,Core 2,1722.815,7.106395,0.9799895,24plus4,P30,P30-24plus4
793,3,1,0,0,0,Core 2,1750.846,16.73778,0.9274795,24plus4,P30,P30-24plus4
794,1,1,1,0,0,Core 2,1763.842,16.5976,0.998411,24plus4,P30,P30-24plus4
795,0,0,1,0,1,Core 2,1793.852,13.9217,0.9836818,24plus4,P30,P30-24plus4
796,2,2,0,0,0,Core 2,1821.884,11.94027,0.9914685,24plus4,P30,P30-24plus4
797,1,1,0,0,1,Core 2,1851.894,8.875849,0.9829298,24plus4,P30,P30-24plus4
798,1,0,2,0,0,Core 2,1879.889,75.65385,0.9884734,24plus4,P30,P30-24plus4
799,0,0,0,0,2,Core 2,1881.905,0.2906024,0.9884734,24plus4,P30,P30-24plus4
800,2,1,1,0,0,Core 2,1937.931,59.65233,0.993854,24plus4,P30,P30-24plus4
801,1,0,1,0,1,Core 2,1967.942,14.19668,0.9918696,24plus4,P30,P30-24plus4
802,3,2,0,0,0,Core 2,1995.973,31.35762,0.9957119,24plus4,P30,P30-24plus4
803,2,1,0,0,1,Core 2,2025.983,4.581947,0.9775589,24plus4,P30,P30-24plus4
804,1,0,0,0,2,Core 2,2055.994,7.143753,0.9608743,24plus4,P30,P30-24plus4
805,1,0,1,1,1,Core 2,2172.041,5.169857,0.9818558,24plus4,P30,P30-24plus4
806,0,0,1,0,2,Core 2,2243.079,2.94662,0.9384884,24plus4,P30,P30-24plus4
807,1,0,0,1,2,Core 2,2260.094,5.626331,0.9464205,24plus4,P30,P30-24plus4
808,0,0,0,0,-1,Core 1,534.2262,3077.554,0.9990352,32plus4,P30,P30-32plus4
809,0,0,1,-1,-1,STn,691.3002,2719.19,0.9900855,32plus4,P30,P30-32plus4
810,1,0,0,0,-1,Core 1,708.3154,685.7598,0.9440701,32plus4,P30,P30-32plus4
811,0,0,1,0,-1,Core 1,895.4,7293.046,0.9975888,32plus4,P30,P30-32plus4
812,1,0,0,1,-1,Core 1,912.4152,504.2493,0.9954923,32plus4,P30,P30-32plus4
813,1,1,0,0,-1,Core 1,953.4418,1946.926,0.9926576,32plus4,P30,P30-32plus4
814,0,0,0,0,0,Core 2,983.4524,1563.288,0.9911225,32plus4,P30,P30-32plus4
815,1,0,0,0,0,Core 2,1157.542,518.9546,0.9850134,32plus4,P30,P30-32plus4
816,0,0,2,0,-1,Core 1,1256.574,827.8609,0.9898227,32plus4,P30,P30-32plus4
817,1,0,1,1,-1,Core 1,1273.589,63.38396,0.9596454,32plus4,P30,P30-32plus4
818,1,1,1,0,-1,Core 1,1314.616,24.43249,0.9879225,32plus4,P30,P30-32plus4
819,0,0,1,0,0,Core 2,1344.626,802.8614,0.9947843,32plus4,P30,P30-32plus4
820,1,0,0,1,0,Core 2,1361.641,70.88728,0.9398177,32plus4,P30,P30-32plus4
821,1,1,0,0,0,Core 2,1402.668,20.32847,0.991023,32plus4,P30,P30-32plus4
822,0,0,0,0,1,Core 2,1432.679,13.47491,0.9774668,32plus4,P30,P30-32plus4
823,1,0,1,0,0,Core 2,1518.715,237.3519,0.9951901,32plus4,P30,P30-32plus4
824,2,1,0,0,0,Core 2,1576.757,20.15801,0.9463875,32plus4,P30,P30-32plus4
825,1,0,0,0,1,Core 2,1606.768,11.57224,0.9889046,32plus4,P30,P30-32plus4
826,2,0,1,0,0,Core 2,1692.805,10.46304,0.9208392,32plus4,P30,P30-32plus4
827,0,0,2,0,0,Core 2,1705.8,55.69702,0.9978256,32plus4,P30,P30-32plus4
828,3,0,0,1,0,Core 2,1709.82,2.786189,0.9978256,32plus4,P30,P30-32plus4
829,2,0,0,0,1,Core 2,1780.857,6.447849,0.9037171,32plus4,P30,P30-32plus4
830,0,0,1,0,1,Core 2,1793.852,11.95052,0.9867248,32plus4,P30,P30-32plus4
831,1,0,2,0,0,Core 2,1879.889,16.32005,0.9797569,32plus4,P30,P30-32plus4
832,0,0,0,0,2,Core 2,1881.905,2.043173,0.9797569,32plus4,P30,P30-32plus4
833,2,1,1,0,0,Core 2,1937.931,7.562015,0.9528819,32plus4,P30,P30-32plus4
834,1,0,1,0,1,Core 2,1967.942,8.952501,0.9543932,32plus4,P30,P30-32plus4
835,3,2,0,0,0,Core 2,1995.973,3.172122,0.9833153,32plus4,P30,P30-32plus4
836,0,0,0,0,-1,Core 1,534.2262,932.9393,0.9990054,15plus3,P31,P31-15plus3
837,0,0,1,-1,-1,STn,691.3002,337.5242,0.9473343,15plus3,P31,P31-15plus3
838,1,0,0,0,-1,Core 1,708.3154,315.9769,0.9966575,15plus3,P31,P31-15plus3
839,0,0,1,0,-1,Core 1,895.4,1502.818,0.9963745,15plus3,P31,P31-15plus3
840,1,1,0,0,-1,Core 1,953.4418,1227.661,0.9975439,15plus3,P31,P31-15plus3
841,0,0,0,0,0,Core 2,983.4524,127.4139,0.9579968,15plus3,P31,P31-15plus3
842,1,0,0,0,0,Core 2,1157.542,31.02505,0.9352829,15plus3,P31,P31-15plus3
843,0,0,2,0,-1,Core 1,1256.574,143.9578,0.9836135,15plus3,P31,P31-15plus3
844,0,0,1,0,0,Core 2,1344.626,68.09742,0.9778787,15plus3,P31,P31-15plus3
845,1,0,0,1,0,Core 2,1361.641,4.681066,0.9396876,15plus3,P31,P31-15plus3
846,1,1,0,0,0,Core 2,1402.668,7.866832,0.9544825,15plus3,P31,P31-15plus3
847,3,0,0,0,0,Core 2,1505.72,4.38,0.9028536,15plus3,P31,P31-15plus3
848,1,0,1,0,0,Core 2,1518.715,18.62759,0.9887508,15plus3,P31,P31-15plus3
849,2,1,0,0,0,Core 2,1576.757,8.266012,0.9324294,15plus3,P31,P31-15plus3
850,2,0,1,0,0,Core 2,1692.805,3.475662,0.9573175,15plus3,P31,P31-15plus3
851,0,0,2,0,0,Core 2,1705.8,7.116634,0.9508777,15plus3,P31,P31-15plus3
852,3,0,0,1,0,Core 2,1709.82,1.101192,0.9508777,15plus3,P31,P31-15plus3
853,3,1,0,0,0,Core 2,1750.846,2.912264,0.9456893,15plus3,P31,P31-15plus3
854,0,0,1,0,1,Core 2,1793.852,2.323748,0.901088,15plus3,P31,P31-15plus3
855,1,0,1,0,1,Core 2,1967.942,2.067023,0.9699844,15plus3,P31,P31-15plus3
856,3,2,0,0,0,Core 2,1995.973,3.017298,0.9756804,15plus3,P31,P31-15plus3
857,0,0,0,0,-1,Core 1,534.2262,228.1022,0.9968746,12plus6,P28,P28-12plus6
858,0,0,1,-1,-1,STn,691.3002,91.23788,0.9931593,12plus6,P28,P28-12plus6
859,1,0,0,0,-1,Core 1,708.3154,137.0227,0.9986887,12plus6,P28,P28-12plus6
860,0,0,1,0,-1,Core 1,895.4,279.97,0.9981763,12plus6,P28,P28-12plus6
861,1,0,0,1,-1,Core 1,912.4152,14.56144,0.9957583,12plus6,P28,P28-12plus6
862,1,1,0,0,-1,Core 1,953.4418,520.223,0.9950814,12plus6,P28,P28-12plus6
863,0,0,0,0,0,Core 2,983.4524,99.71255,0.9869099,12plus6,P28,P28-12plus6
864,1,0,1,0,-1,Core 1,1069.489,15.23268,0.9783783,12plus6,P28,P28-12plus6
865,1,0,0,0,0,Core 2,1157.542,19.09801,0.9933287,12plus6,P28,P28-12plus6
866,0,0,2,0,-1,Core 1,1256.574,11.98308,0.9753115,12plus6,P28,P28-12plus6
867,2,0,0,0,0,Core 2,1331.631,8.113239,0.9955352,12plus6,P28,P28-12plus6
868,0,0,1,0,0,Core 2,1344.626,22.45764,0.9891974,12plus6,P28,P28-12plus6
869,1,0,0,1,0,Core 2,1361.641,2.157987,0.9290572,12plus6,P28,P28-12plus6
870,1,1,0,0,0,Core 2,1402.668,6.293846,0.9974542,12plus6,P28,P28-12plus6
871,3,0,0,0,0,Core 2,1505.72,3.681625,0.9989776,12plus6,P28,P28-12plus6
872,1,0,1,0,0,Core 2,1518.715,8.059629,0.9932644,12plus6,P28,P28-12plus6
873,2,1,0,0,0,Core 2,1576.757,4.562552,0.9692048,12plus6,P28,P28-12plus6
874,2,0,1,0,0,Core 2,1692.805,2.397685,0.9911409,12plus6,P28,P28-12plus6
875,3,1,0,0,0,Core 2,1750.846,2.084821,0.9695108,12plus6,P28,P28-12plus6
876,0,0,0,0,-1,Core 1,534.2262,1603.798,0.999424,20plus6,P28,P28-20plus6
877,0,0,1,-1,-1,STn,691.3002,308.6359,0.9929325,20plus6,P28,P28-20plus6
878,1,0,0,0,-1,Core 1,708.3154,955.3896,0.9987357,20plus6,P28,P28-20plus6
879,0,0,1,0,-1,Core 1,895.4,1632.443,0.9976872,20plus6,P28,P28-20plus6
880,1,0,0,1,-1,Core 1,912.4152,69.09642,0.9986106,20plus6,P28,P28-20plus6
881,1,1,0,0,-1,Core 1,953.4418,5261.542,0.9984438,20plus6,P28,P28-20plus6
882,0,0,0,0,0,Core 2,983.4524,403.3991,0.9872833,20plus6,P28,P28-20plus6
883,1,0,1,0,-1,Core 1,1069.489,36.90872,0.9432053,20plus6,P28,P28-20plus6
884,1,0,0,0,0,Core 2,1157.542,65.87053,0.9900545,20plus6,P28,P28-20plus6
885,0,0,2,0,-1,Core 1,1256.574,87.71518,0.9973831,20plus6,P28,P28-20plus6
886,1,1,1,0,-1,Core 1,1314.616,12.52195,0.9256658,20plus6,P28,P28-20plus6
887,2,0,0,0,0,Core 2,1331.631,22.13886,0.9777306,20plus6,P28,P28-20plus6
888,0,0,1,0,0,Core 2,1344.626,90.31505,0.9942779,20plus6,P28,P28-20plus6
889,1,0,0,1,0,Core 2,1361.641,9.178381,0.9130111,20plus6,P28,P28-20plus6
890,1,1,0,0,0,Core 2,1402.668,33.65722,0.9779449,20plus6,P28,P28-20plus6
891,0,0,0,0,1,Core 2,1432.679,4.475949,0.9424662,20plus6,P28,P28-20plus6
892,3,0,0,0,0,Core 2,1505.72,6.507746,0.9741157,20plus6,P28,P28-20plus6
893,1,0,1,0,0,Core 2,1518.715,46.44375,0.9938053,20plus6,P28,P28-20plus6
894,2,0,0,1,0,Core 2,1535.731,4.922547,0.9382781,20plus6,P28,P28-20plus6
895,2,1,0,0,0,Core 2,1576.757,26.05786,0.9906019,20plus6,P28,P28-20plus6
896,1,0,0,0,1,Core 2,1606.768,3.654905,0.9202926,20plus6,P28,P28-20plus6
897,2,0,1,0,0,Core 2,1692.805,7.587304,0.9511754,20plus6,P28,P28-20plus6
898,0,0,2,0,0,Core 2,1705.8,7.231399,0.9395727,20plus6,P28,P28-20plus6
899,3,0,0,1,0,Core 2,1709.82,1.210541,0.9395727,20plus6,P28,P28-20plus6
900,1,0,1,1,0,Core 2,1722.815,2.796783,0.9393794,20plus6,P28,P28-20plus6
901,1,1,1,0,0,Core 2,1763.842,6.62274,0.977048,20plus6,P28,P28-20plus6
902,0,0,1,0,1,Core 2,1793.852,4.598728,0.9539465,20plus6,P28,P28-20plus6
903,2,2,0,0,0,Core 2,1821.884,4.841329,0.9784464,20plus6,P28,P28-20plus6
904,1,0,2,0,0,Core 2,1879.889,4.791306,0.9037843,20plus6,P28,P28-20plus6
905,0,0,0,0,2,Core 2,1881.905,0.841791,0.9037843,20plus6,P28,P28-20plus6
906,2,1,1,0,0,Core 2,1937.931,9.954624,0.9871738,20plus6,P28,P28-20plus6
907,3,0,0,0,1,Core 2,1954.946,2.586591,0.9813946,20plus6,P28,P28-20plus6
908,1,0,1,0,1,Core 2,1967.942,5.652448,0.9630098,20plus6,P28,P28-20plus6
909,2,0,0,1,1,Core 2,1984.957,1.413917,0.9138475,20plus6,P28,P28-20plus6
910,3,2,0,0,0,Core 2,1995.973,5.695666,0.9295125,20plus6,P28,P28-20plus6
911,0,0,0,0,-1,Core 1,534.2262,825.2586,0.9998799,23plus6,P36,P36-23plus6
912,0,0,1,-1,-1,STn,691.3002,525.1534,0.9982038,23plus6,P36,P36-23plus6
913,1,0,0,0,-1,Core 1,708.3154,54.49235,0.9968735,23plus6,P36,P36-23plus6
914,0,0,1,0,-1,Core 1,895.4,2499.356,0.9999983,23plus6,P36,P36-23plus6
915,1,0,0,1,-1,Core 1,912.4152,71.07534,0.9988119,23plus6,P36,P36-23plus6
916,0,0,0,0,0,Core 2,983.4524,916.9327,0.9993507,23plus6,P36,P36-23plus6
917,1,0,0,0,0,Core 2,1157.542,201.422,0.9968946,23plus6,P36,P36-23plus6
918,0,0,2,0,-1,Core 1,1256.574,359.706,0.9974842,23plus6,P36,P36-23plus6
919,1,0,1,1,-1,Core 1,1273.589,14.59896,0.9829106,23plus6,P36,P36-23plus6
920,2,0,0,0,0,Core 2,1331.631,33.59504,0.9412048,23plus6,P36,P36-23plus6
921,0,0,1,0,0,Core 2,1344.626,654.4857,0.9988774,23plus6,P36,P36-23plus6
922,1,0,0,1,0,Core 2,1361.641,22.47242,0.9482163,23plus6,P36,P36-23plus6
923,0,0,0,0,1,Core 2,1432.679,11.41698,0.990611,23plus6,P36,P36-23plus6
924,3,0,0,0,0,Core 2,1505.72,12.27005,0.921548,23plus6,P36,P36-23plus6
925,1,0,1,0,0,Core 2,1518.715,443.6593,0.9988103,23plus6,P36,P36-23plus6
926,1,0,0,0,1,Core 2,1606.768,15.49231,0.9910031,23plus6,P36,P36-23plus6
927,0,0,2,0,0,Core 2,1705.8,73.21175,0.9924134,23plus6,P36,P36-23plus6
928,3,0,0,1,0,Core 2,1709.82,0.0,0.9924134,23plus6,P36,P36-23plus6
929,1,0,1,1,0,Core 2,1722.815,3.30431,0.9559418,23plus6,P36,P36-23plus6
930,2,0,0,0,1,Core 2,1780.857,15.84392,0.996409,23plus6,P36,P36-23plus6
931,0,0,1,0,1,Core 2,1793.852,13.99841,0.9569428,23plus6,P36,P36-23plus6
932,1,0,0,1,1,Core 2,1810.868,1.746283,0.9489527,23plus6,P36,P36-23plus6
933,1,1,0,0,1,Core 2,1851.894,2.209346,0.9478081,23plus6,P36,P36-23plus6
934,1,0,2,0,0,Core 2,1879.889,74.83597,0.9974181,23plus6,P36,P36-23plus6
935,0,0,0,0,2,Core 2,1881.905,0.0,0.9974181,23plus6,P36,P36-23plus6
936,2,0,1,1,0,Core 2,1896.904,3.153614,0.9813156,23plus6,P36,P36-23plus6
937,3,0,0,0,1,Core 2,1954.946,1.496629,0.972727,23plus6,P36,P36-23plus6
938,1,0,1,0,1,Core 2,1967.942,12.1292,0.9825626,23plus6,P36,P36-23plus6
939,2,0,1,0,1,Core 2,2142.031,4.835347,0.9456402,23plus6,P36,P36-23plus6
940,2,0,0,0,2,Core 2,2230.083,1.228167,0.9552187,23plus6,P36,P36-23plus6
941,0,0,0,0,-1,Core 1,534.2262,1094.058,0.9982389,29plus6,P36,P36-29plus6
942,0,0,1,-1,-1,STn,691.3002,178.9707,0.9977412,29plus6,P36,P36-29plus6
943,1,0,0,0,-1,Core 1,708.3154,55.35215,0.9968557,29plus6,P36,P36-29plus6
944,0,0,1,0,-1,Core 1,895.4,2008.023,0.9982148,29plus6,P36,P36-29plus6
945,1,0,0,1,-1,Core 1,912.4152,33.28324,0.9983566,29plus6,P36,P36-29plus6
946,0,0,0,0,0,Core 2,983.4524,532.8507,0.9969502,29plus6,P36,P36-29plus6
947,1,0,0,0,0,Core 2,1157.542,121.6827,0.9946458,29plus6,P36,P36-29plus6
948,0,0,2,0,-1,Core 1,1256.574,193.1052,0.9972984,29plus6,P36,P36-29plus6
949,1,0,1,1,-1,Core 1,1273.589,6.063781,0.9550508,29plus6,P36,P36-29plus6
950,2,0,0,0,0,Core 2,1331.631,17.75348,0.9670003,29plus6,P36,P36-29plus6
951,0,0,1,0,0,Core 2,1344.626,231.9737,0.9903599,29plus6,P36,P36-29plus6
952,1,0,0,1,0,Core 2,1361.641,6.754294,0.9005117,29plus6,P36,P36-29plus6
953,0,0,0,0,1,Core 2,1432.679,6.796546,0.9698199,29plus6,P36,P36-29plus6
954,3,0,0,0,0,Core 2,1505.72,4.584028,0.9567199,29plus6,P36,P36-29plus6
955,1,0,1,0,0,Core 2,1518.715,177.7626,0.9897507,29plus6,P36,P36-29plus6
956,1,0,0,0,1,Core 2,1606.768,9.816429,0.9971855,29plus6,P36,P36-29plus6
957,2,0,1,0,0,Core 2,1692.805,3.598161,0.9022519,29plus6,P36,P36-29plus6
958,0,0,2,0,0,Core 2,1705.8,17.40309,0.9829889,29plus6,P36,P36-29plus6
959,3,0,0,1,0,Core 2,1709.82,0.4985689,0.9829889,29plus6,P36,P36-29plus6
960,2,0,0,0,1,Core 2,1780.857,9.804284,0.9748902,29plus6,P36,P36-29plus6
961,0,0,1,0,1,Core 2,1793.852,6.092904,0.9478525,29plus6,P36,P36-29plus6
962,1,0,2,0,0,Core 2,1879.889,23.56364,0.9972942,29plus6,P36,P36-29plus6
963,0,0,0,0,2,Core 2,1881.905,0.0,0.9972942,29plus6,P36,P36-29plus6
964,1,0,1,0,1,Core 2,1967.942,3.728852,0.9907146,29plus6,P36,P36-29plus6
965,0,0,0,0,-1,Core 1,534.2262,1120.881,0.9984932,11plus0,P32,P32-11plus0
966,0,0,1,-1,-1,STn,691.3002,525.5171,0.9998837,11plus0,P32,P32-11plus0
967,1,0,0,0,-1,Core 1,708.3154,1063.72,0.9978449,11plus0,P32,P32-11plus0
968,0,0,1,0,-1,Core 1,895.4,2554.195,0.9994093,11plus0,P32,P32-11plus0
969,1,0,0,1,-1,Core 1,912.4152,503.4136,0.9990267,11plus0,P32,P32-11plus0
970,0,0,0,0,0,Core 2,983.4524,4765.3,0.999475,11plus0,P32,P32-11plus0
971,1,0,1,0,-1,Core 1,1069.489,139.1533,0.9931557,11plus0,P32,P32-11plus0
972,1,0,0,0,0,Core 2,1157.542,998.4119,0.9978736,11plus0,P32,P32-11plus0
973,0,0,2,0,-1,Core 1,1256.574,313.6469,0.997266,11plus0,P32,P32-11plus0
974,1,0,1,1,-1,Core 1,1273.589,27.9334,0.9634173,11plus0,P32,P32-11plus0
975,2,0,0,0,0,Core 2,1331.631,69.27699,0.9620057,11plus0,P32,P32-11plus0
976,0,0,1,0,0,Core 2,1344.626,1056.528,0.9965389,11plus0,P32,P32-11plus0
977,1,0,0,1,0,Core 2,1361.641,81.57546,0.9762957,11plus0,P32,P32-11plus0
978,0,0,0,0,1,Core 2,1432.679,314.7179,0.9947194,11plus0,P32,P32-11plus0
979,1,0,1,0,0,Core 2,1518.715,114.8551,0.9925575,11plus0,P32,P32-11plus0
980,1,0,0,0,1,Core 2,1606.768,70.91362,0.9740533,11plus0,P32,P32-11plus0
981,2,0,1,0,0,Core 2,1692.805,12.15961,0.986233,11plus0,P32,P32-11plus0
982,0,0,2,0,0,Core 2,1705.8,36.22305,0.9976456,11plus0,P32,P32-11plus0
983,3,0,0,1,0,Core 2,1709.82,6.61165,0.9976456,11plus0,P32,P32-11plus0
984,1,0,1,1,0,Core 2,1722.815,6.352877,0.95501,11plus0,P32,P32-11plus0
985,1,1,1,0,0,Core 2,1763.842,15.3116,0.9952877,11plus0,P32,P32-11plus0
986,2,0,0,0,1,Core 2,1780.857,9.523061,0.9312188,11plus0,P32,P32-11plus0
987,0,0,1,0,1,Core 2,1793.852,34.4991,0.9883357,11plus0,P32,P32-11plus0
988,1,0,0,1,1,Core 2,1810.868,4.051251,0.9143128,11plus0,P32,P32-11plus0
989,1,0,2,0,0,Core 2,1879.889,6.107657,0.9928574,11plus0,P32,P32-11plus0
990,0,0,0,0,2,Core 2,1881.905,130.4917,0.9928574,11plus0,P32,P32-11plus0
991,3,0,0,0,1,Core 2,1954.946,2.882101,0.9239576,11plus0,P32,P32-11plus0
992,1,0,1,0,1,Core 2,1967.942,8.934683,0.9751378,11plus0,P32,P32-11plus0
993,1,0,0,0,2,Core 2,2055.994,9.8417,0.9917287,11plus0,P32,P32-11plus0
994,3,0,1,0,1,Core 2,2316.12,0.5120074,0.9125073,11plus0,P32,P32-11plus0
995,2,0,1,1,1,Core 2,2346.131,1.735826,0.9274639,11plus0,P32,P32-11plus0
996,4,1,0,0,1,Core 2,2374.162,7.828234,0.9458468,11plus0,P32,P32-11plus0
997,0,0,0,0,-1,Core 1,534.2262,921.0282,0.9923362,21plus0,P32,P32-21plus0
998,0,0,1,-1,-1,STn,691.3002,296.9523,0.998857,21plus0,P32,P32-21plus0
999,1,0,0,0,-1,Core 1,708.3154,1740.955,0.9997584,21plus0,P32,P32-21plus0
1000,0,0,1,0,-1,Core 1,895.4,642.7635,0.9985946,21plus0,P32,P32-21plus0
1001,1,0,0,1,-1,Core 1,912.4152,703.2218,0.999144,21plus0,P32,P32-21plus0
1002,1,1,0,0,-1,Core 1,953.4418,19.7238,0.9609102,21plus0,P32,P32-21plus0
1003,0,0,0,0,0,Core 2,983.4524,83.99391,0.9700594,21plus0,P32,P32-21plus0
1004,1,0,1,0,-1,Core 1,1069.489,70.09587,0.964314,21plus0,P32,P32-21plus0
1005,1,0,0,0,0,Core 2,1157.542,93.54439,0.9839452,21plus0,P32,P32-21plus0
1006,0,0,2,0,-1,Core 1,1256.574,61.42012,0.9958225,21plus0,P32,P32-21plus0
1007,1,0,1,1,-1,Core 1,1273.589,10.646,0.9483572,21plus0,P32,P32-21plus0
1008,2,0,0,0,0,Core 2,1331.631,29.77524,0.9940215,21plus0,P32,P32-21plus0
1009,0,0,1,0,0,Core 2,1344.626,14.93586,0.98238,21plus0,P32,P32-21plus0
1010,1,0,0,1,0,Core 2,1361.641,9.141518,0.9760126,21plus0,P32,P32-21plus0
1011,3,0,0,0,0,Core 2,1505.72,5.143628,0.9660207,21plus0,P32,P32-21plus0
1012,1,0,1,0,0,Core 2,1518.715,13.79661,0.9922579,21plus0,P32,P32-21plus0
1013,2,0,0,1,0,Core 2,1535.731,11.48087,0.9389583,21plus0,P32,P32-21plus0
1014,1,0,0,0,1,Core 2,1606.768,2.366608,0.924902,21plus0,P32,P32-21plus0
1015,2,0,1,0,0,Core 2,1692.805,4.63337,0.9492283,21plus0,P32,P32-21plus0
1016,1,0,1,0,1,Core 2,1967.942,1.210204,0.9736342,21plus0,P32,P32-21plus0
1017,0,0,0,0,-1,Core 1,534.2262,1525.621,0.9991415,16plus1,P33,P33-16plus1
1018,0,0,1,-1,-1,STn,691.3002,390.1729,0.9969888,16plus1,P33,P33-16plus1
1019,1,0,0,0,-1,Core 1,708.3154,98.31183,0.9999941,16plus1,P33,P33-16plus1
1020,0,0,1,0,-1,Core 1,895.4,2980.059,0.9995667,16plus1,P33,P33-16plus1
1021,1,0,0,1,-1,Core 1,912.4152,47.46182,0.9999045,16plus1,P33,P33-16plus1
1022,0,0,0,0,0,Core 2,983.4524,730.1226,0.9980633,16plus1,P33,P33-16plus1
1023,1,0,0,0,0,Core 2,1157.542,257.7721,0.994411,16plus1,P33,P33-16plus1
1024,0,0,2,0,-1,Core 1,1256.574,229.5511,0.99732,16plus1,P33,P33-16plus1
1025,2,0,0,0,0,Core 2,1331.631,32.84436,0.9697596,16plus1,P33,P33-16plus1
1026,0,0,1,0,0,Core 2,1344.626,223.6677,0.9951884,16plus1,P33,P33-16plus1
1027,1,0,0,1,0,Core 2,1361.641,5.58365,0.9198646,16plus1,P33,P33-16plus1
1028,0,0,0,0,1,Core 2,1432.679,5.922481,0.9756706,16plus1,P33,P33-16plus1
1029,3,0,0,0,0,Core 2,1505.72,5.347853,0.9558689,16plus1,P33,P33-16plus1
1030,1,0,1,0,0,Core 2,1518.715,57.03741,0.9940871,16plus1,P33,P33-16plus1
1031,1,0,0,0,1,Core 2,1606.768,5.161024,0.9720569,16plus1,P33,P33-16plus1
1032,2,0,1,0,0,Core 2,1692.805,2.024154,0.9551838,16plus1,P33,P33-16plus1
1033,2,0,0,0,1,Core 2,1780.857,3.642146,0.9419492,16plus1,P33,P33-16plus1
1034,1,0,1,0,1,Core 2,1967.942,1.939942,0.9773468,16plus1,P33,P33-16plus1
1035,0,0,0,0,-1,Core 1,534.2262,1590.694,0.998656,19plus1,P34,P34-19plus1
1036,0,0,1,-1,-1,STn,691.3002,49.21663,0.9802945,19plus1,P34,P34-19plus1
1037,1,0,0,0,-1,Core 1,708.3154,84.68727,0.9978215,19plus1,P34,P34-19plus1
1038,0,0,1,0,-1,Core 1,895.4,845.1949,0.996305,19plus1,P34,P34-19plus1
1039,1,0,0,1,-1,Core 1,912.4152,26.85338,0.9856082,19plus1,P34,P34-19plus1
1040,0,0,0,0,0,Core 2,983.4524,258.0649,0.9973325,19plus1,P34,P34-19plus1
1041,1,0,0,0,0,Core 2,1157.542,264.5668,0.9923024,19plus1,P34,P34-19plus1
1042,0,0,2,0,-1,Core 1,1256.574,81.17055,0.9882747,19plus1,P34,P34-19plus1
1043,1,0,1,1,-1,Core 1,1273.589,5.942743,0.9184494,19plus1,P34,P34-19plus1
1044,2,0,0,0,0,Core 2,1331.631,13.12826,0.9974691,19plus1,P34,P34-19plus1
1045,0,0,1,0,0,Core 2,1344.626,30.02415,0.9612177,19plus1,P34,P34-19plus1
1046,1,0,0,1,0,Core 2,1361.641,3.215517,0.9749325,19plus1,P34,P34-19plus1
1047,0,0,0,0,1,Core 2,1432.679,4.766289,0.9718911,19plus1,P34,P34-19plus1
1048,1,0,1,0,0,Core 2,1518.715,30.08562,0.9965862,19plus1,P34,P34-19plus1
1049,1,0,0,0,1,Core 2,1606.768,4.876073,0.990201,19plus1,P34,P34-19plus1
1050,2,0,0,0,1,Core 2,1780.857,2.844114,0.9415156,19plus1,P34,P34-19plus1
1051,3,0,0,0,1,Core 2,1954.946,1.168578,0.9715826,19plus1,P34,P34-19plus1
1052,0,0,0,0,-1,Core 1,534.2262,1186.129,0.9865623,14plus4,P35,P35-14plus4
1053,1,0,0,0,-1,Core 1,708.3154,6575.453,0.998977,14plus4,P35,P35-14plus4
1054,0,0,1,0,-1,Core 1,895.4,1757.589,0.9987968,14plus4,P35,P35-14plus4
1055,1,0,0,1,-1,Core 1,912.4152,50.40404,0.9962226,14plus4,P35,P35-14plus4
1056,1,1,0,0,-1,Core 1,953.4418,73.67119,0.9896919,14plus4,P35,P35-14plus4
1057,0,0,0,0,0,Core 2,983.4524,275.0258,0.9954975,14plus4,P35,P35-14plus4
1058,1,0,1,0,-1,Core 1,1069.489,288.2303,0.9902084,14plus4,P35,P35-14plus4
1059,1,0,0,0,0,Core 2,1157.542,297.8651,0.9967916,14plus4,P35,P35-14plus4
1060,0,0,2,0,-1,Core 1,1256.574,341.2746,0.9912455,14plus4,P35,P35-14plus4
1061,1,0,1,1,-1,Core 1,1273.589,24.27265,0.9544359,14plus4,P35,P35-14plus4
1062,2,0,0,0,0,Core 2,1331.631,227.7012,0.9937317,14plus4,P35,P35-14plus4
1063,0,0,1,0,0,Core 2,1344.626,66.11721,0.9704577,14plus4,P35,P35-14plus4
1064,1,0,0,1,0,Core 2,1361.641,25.33844,0.9919349,14plus4,P35,P35-14plus4
1065,3,0,0,0,0,Core 2,1505.72,119.8244,0.9839647,14plus4,P35,P35-14plus4
1066,1,0,1,0,0,Core 2,1518.715,74.08742,0.9910718,14plus4,P35,P35-14plus4
1067,2,0,1,0,0,Core 2,1692.805,61.75079,0.9909986,14plus4,P35,P35-14plus4
1068,3,0,0,0,1,Core 2,1954.946,11.56503,0.9888187,14plus4,P35,P35-14plus4
1069,3,2,0,0,0,Core 2,1995.973,2.17523,0.9920643,14plus4,P35,P35-14plus4
1070,1,0,0,0,2,Core 2,2055.994,1.438009,0.9172589,14plus4,P35,P35-14plus4
1071,1,1,1,0,1,Core 2,2213.068,2.408394,0.9146564,14plus4,P35,P35-14plus4
1072,4,1,0,0,1,Core 2,2374.162,7.844037,0.9807422,14plus4,P35,P35-14plus4
1073,2,0,0,1,2,Core 2,2434.183,1.605882,0.9265501,14plus4,P35,P35-14plus4
1074,1,0,0,0,-1,Core 1,708.3154,3278.73,0.9999244,20plus4,P35,P35-20plus4
1075,0,0,1,0,-1,Core 1,895.4,1215.376,0.9978368,20plus4,P35,P35-20plus4
1076,1,0,0,1,-1,Core 1,912.4152,30.59139,0.9219286,20plus4,P35,P35-20plus4
1077,1,1,0,0,-1,Core 1,953.4418,44.80897,0.9783787,20plus4,P35,P35-20plus4
1078,0,0,0,0,0,Core 2,983.4524,116.2326,0.9940699,20plus4,P35,P35-20plus4
1079,1,0,1,0,-1,Core 1,1069.489,122.9008,0.9806204,20plus4,P35,P35-20plus4
1080,1,0,0,0,0,Core 2,1157.542,126.892,0.9902643,20plus4,P35,P35-20plus4
1081,0,0,2,0,-1,Core 1,1256.574,347.7175,0.9949649,20plus4,P35,P35-20plus4
1082,1,0,1,1,-1,Core 1,1273.589,18.65569,0.9279701,20plus4,P35,P35-20plus4
1083,2,0,0,0,0,Core 2,1331.631,101.2686,0.9924006,20plus4,P35,P35-20plus4
1084,0,0,1,0,0,Core 2,1344.626,52.08752,0.990969,20plus4,P35,P35-20plus4
1085,1,0,0,1,0,Core 2,1361.641,17.76294,0.9945628,20plus4,P35,P35-20plus4
1086,0,0,0,0,1,Core 2,1432.679,6.840464,0.986183,20plus4,P35,P35-20plus4
1087,3,0,0,0,0,Core 2,1505.72,44.22674,0.9807019,20plus4,P35,P35-20plus4
1088,1,0,1,0,0,Core 2,1518.715,71.82529,0.9922483,20plus4,P35,P35-20plus4
1089,2,0,1,0,0,Core 2,1692.805,55.42752,0.9970782,20plus4,P35,P35-20plus4
1090,2,0,0,0,1,Core 2,1780.857,8.513925,0.9526877,20plus4,P35,P35-20plus4
1091,1,0,2,0,0,Core 2,1879.889,6.772176,0.9540583,20plus4,P35,P35-20plus4
1092,0,0,0,0,2,Core 2,1881.905,1.042866,0.9540583,20plus4,P35,P35-20plus4
1093,3,0,0,0,1,Core 2,1954.946,9.57441,0.9682763,20plus4,P35,P35-20plus4
1094,4,1,0,0,1,Core 2,2374.162,5.142817,0.9642691,20plus4,P35,P35-20plus4
1100,0,0,0,0,-1,Core 1,534.2262,871.6899,0.9999966,14plus4,P34,P34-14plus4
1101,0,0,1,-1,-1,STn,691.3002,398.2292,0.9772955,14plus4,P34,P34-14plus4
1102,1,0,0,0,-1,Core 1,708.3154,314.9116,0.9999809,14plus4,P34,P34-14plus4
1103,0,0,0,0,0,Core 2,983.4524,143.0978,0.9880913,14plus4,P34,P34-14plus4
1104,1,0,0,0,0,Core 2,1157.542,93.04043,0.9935636,14plus4,P34,P34-14plus4
1105,0,0,2,0,-1,Core 1,1256.574,11.04994,0.9887502,14plus4,P34,P34-14plus4
1106,2,0,0,0,0,Core 2,1331.631,32.10217,0.9843644,14plus4,P34,P34-14plus4
1107,0,0,1,0,0,Core 2,1344.626,20.45227,0.9698109,14plus4,P34,P34-14plus4
1108,0,0,0,0,1,Core 2,1432.679,6.553933,0.9548644,14plus4,P34,P34-14plus4
1109,3,0,0,0,0,Core 2,1505.72,3.67436,0.9334411,14plus4,P34,P34-14plus4
1110,1,0,1,0,0,Core 2,1518.715,6.789993,0.994049,14plus4,P34,P34-14plus4
1111,2,0,0,1,0,Core 2,1535.731,1.797118,0.9438608,14plus4,P34,P34-14plus4
1112,1,0,0,0,1,Core 2,1606.768,3.306536,0.9206473,14plus4,P34,P34-14plus4
1113,2,0,1,0,0,Core 2,1692.805,2.125763,0.9876314,14plus4,P34,P34-14plus4
1114,2,0,0,0,1,Core 2,1780.857,1.887491,0.9984674,14plus4,P34,P34-14plus4
1130,0,0,1,-1,-1,STn,691.3002,1213.317,0.9996312,22plus3,P13,P13-22plus3
1131,1,0,0,0,-1,Core 1,708.3154,1338.707,0.9988051,22plus3,P13,P13-22plus3
1132,0,0,1,0,-1,Core 1,895.4,3683.437,0.9997061,22plus3,P13,P13-22plus3
1133,1,0,0,1,-1,Core 1,912.4152,100.5881,0.9941879,22plus3,P13,P13-22plus3
1134,1,1,0,0,-1,Core 1,953.4418,61.20782,0.9996969,22plus3,P13,P13-22plus3
1135,0,0,0,0,0,Core 2,983.4524,696.0785,0.9943354,22plus3,P13,P13-22plus3
1136,1,0,1,0,-1,Core 1,1069.489,580.4427,0.9933803,22plus3,P13,P13-22plus3
1137,1,0,0,0,0,Core 2,1157.542,1042.033,0.9963105,22plus3,P13,P13-22plus3
1138,0,0,2,0,-1,Core 1,1256.574,828.5638,0.9934445,22plus3,P13,P13-22plus3
1139,1,0,1,1,-1,Core 1,1273.589,31.03319,0.9634232,22plus3,P13,P13-22plus3
1140,2,0,0,0,0,Core 2,1331.631,853.6011,0.9954117,22plus3,P13,P13-22plus3
1141,0,0,1,0,0,Core 2,1344.626,976.0906,0.9939717,22plus3,P13,P13-22plus3
1142,1,0,0,1,0,Core 2,1361.641,49.96631,0.9568561,22plus3,P13,P13-22plus3
1143,1,1,0,0,0,Core 2,1402.668,9.005278,0.9092385,22plus3,P13,P13-22plus3
1144,0,0,0,0,1,Core 2,1432.679,11.37194,0.9901916,22plus3,P13,P13-22plus3
1145,3,0,0,0,0,Core 2,1505.72,667.0349,0.9839885,22plus3,P13,P13-22plus3
1146,1,0,1,0,0,Core 2,1518.715,1656.693,0.9983178,22plus3,P13,P13-22plus3
1147,2,0,0,1,0,Core 2,1535.731,86.58831,0.9153819,22plus3,P13,P13-22plus3
1148,1,0,0,0,1,Core 2,1606.768,29.3778,0.9804741,22plus3,P13,P13-22plus3
1149,2,0,1,0,0,Core 2,1692.805,1023.919,0.9981101,22plus3,P13,P13-22plus3
1150,1,0,1,1,0,Core 2,1722.815,15.93392,0.9899556,22plus3,P13,P13-22plus3
1151,2,0,0,0,1,Core 2,1780.857,54.73743,0.989481,22plus3,P13,P13-22plus3
1152,0,0,1,0,1,Core 2,1793.852,24.0946,0.970271,22plus3,P13,P13-22plus3
1153,1,0,2,0,0,Core 2,1879.889,44.48095,0.9968621,22plus3,P13,P13-22plus3
1154,0,0,0,0,2,Core 2,1881.905,0.3089285,0.9968621,22plus3,P13,P13-22plus3
1155,2,0,1,1,0,Core 2,1896.904,3.530458,0.9745102,22plus3,P13,P13-22plus3
1156,3,0,0,0,1,Core 2,1954.946,38.47448,0.983226,22plus3,P13,P13-22plus3
1157,1,0,1,0,1,Core 2,1967.942,160.6916,0.9935528,22plus3,P13,P13-22plus3
1158,1,0,0,0,2,Core 2,2055.994,8.759561,0.9868565,22plus3,P13,P13-22plus3
1159,4,0,0,0,1,Core 2,2129.035,15.45907,0.9721937,22plus3,P13,P13-22plus3
1160,2,0,0,0,2,Core 2,2230.083,31.72727,0.9947931,22plus3,P13,P13-22plus3
1161,1,1,0,0,2,Core 2,2301.12,5.849471,0.9242762,22plus3,P13,P13-22plus3
1162,3,0,1,0,1,Core 2,2316.12,6.254492,0.9935065,22plus3,P13,P13-22plus3
1163,3,0,0,0,2,Core 2,2404.172,14.13011,0.962213,22plus3,P13,P13-22plus3
1164,1,0,1,0,2,Core 2,2417.168,24.63568,0.9930812,22plus3,P13,P13-22plus3
1165,0,0,0,0,-1,Core 1,534.2262,22.62688,0.9899511,18plus4,P14,P14-18plus4
1166,0,0,1,-1,-1,STn,691.3002,31.35227,0.9997016,18plus4,P14,P14-18plus4
1167,1,0,0,0,-1,Core 1,708.3154,13.6286,0.9905661,18plus4,P14,P14-18plus4
1168,0,0,1,0,-1,Core 1,895.4,104.3029,0.99989,18plus4,P14,P14-18plus4
1169,1,0,0,1,-1,Core 1,912.4152,2.755943,0.9322648,18plus4,P14,P14-18plus4
1170,1,1,0,0,-1,Core 1,953.4418,26.38133,0.9941637,18plus4,P14,P14-18plus4
1171,0,0,0,0,0,Core 2,983.4524,34.76408,0.990687,18plus4,P14,P14-18plus4
1172,1,0,1,0,-1,Core 1,1069.489,9.19644,0.9757158,18plus4,P14,P14-18plus4
1173,1,0,0,0,0,Core 2,1157.542,8.252629,0.9754831,18plus4,P14,P14-18plus4
1174,0,0,2,0,-1,Core 1,1256.574,13.98629,0.9919883,18plus4,P14,P14-18plus4
1175,1,0,1,1,-1,Core 1,1273.589,1.191147,0.9194583,18plus4,P14,P14-18plus4
1176,2,0,0,0,0,Core 2,1331.631,3.764166,0.9559783,18plus4,P14,P14-18plus4
1177,0,0,1,0,0,Core 2,1344.626,21.95554,0.997646,18plus4,P14,P14-18plus4
1178,1,0,0,1,0,Core 2,1361.641,3.114626,0.9858937,18plus4,P14,P14-18plus4
1179,3,0,0,0,0,Core 2,1505.72,1.574319,0.9354879,18plus4,P14,P14-18plus4
1180,2,1,0,0,0,Core 2,1576.757,3.35407,0.9693517,18plus4,P14,P14-18plus4
1181,2,0,1,0,0,Core 2,1692.805,2.444551,0.9688848,18plus4,P14,P14-18plus4
1182,3,1,0,0,0,Core 2,1750.846,2.378018,0.9144569,18plus4,P14,P14-18plus4
1183,2,1,1,0,0,Core 2,1937.931,3.538886,0.9803899,18plus4,P14,P14-18plus4
1199,0,0,0,0,-1,Core 1,534.2262,253.7399,0.9219153,0plus0,NP4,NP4-0plus0
1200,0,0,1,-1,-1,STn,691.3002,322.6531,0.9855367,0plus0,NP4,NP4-0plus0
1201,1,0,0,0,-1,Core 1,708.3154,1776.511,0.9980918,0plus0,NP4,NP4-0plus0
1202,0,0,1,0,-1,Core 1,895.4,314.7783,0.9858839,0plus0,NP4,NP4-0plus0
1203,1,1,0,0,-1,Core 1,953.4418,1746.463,0.9964665,0plus0,NP4,NP4-0plus0
1204,0,0,0,0,0,Core 2,983.4524,58.11571,0.9382266,0plus0,NP4,NP4-0plus0
1205,1,0,1,0,-1,Core 1,1069.489,57.52277,0.9504964,0plus0,NP4,NP4-0plus0
1206,1,0,0,0,0,Core 2,1157.542,38.53802,0.9880434,0plus0,NP4,NP4-0plus0
1207,0,0,2,0,-1,Core 1,1256.574,48.10465,0.9974107,0plus0,NP4,NP4-0plus0
1208,2,0,0,0,0,Core 2,1331.631,31.39576,0.9870283,0plus0,NP4,NP4-0plus0
1209,0,0,1,0,0,Core 2,1344.626,10.81687,0.9156429,0plus0,NP4,NP4-0plus0
1210,1,1,0,0,0,Core 2,1402.668,8.860498,0.9720757,0plus0,NP4,NP4-0plus0
1211,3,0,0,0,0,Core 2,1505.72,20.44534,0.9792425,0plus0,NP4,NP4-0plus0
1212,1,0,1,0,0,Core 2,1518.715,14.49487,0.96229,0plus0,NP4,NP4-0plus0
1213,2,1,0,0,0,Core 2,1576.757,9.464229,0.9993288,0plus0,NP4,NP4-0plus0
1214,2,0,1,0,0,Core 2,1692.805,10.83325,0.9526584,0plus0,NP4,NP4-0plus0
1215,3,1,0,0,0,Core 2,1750.846,8.137552,0.9913715,0plus0,NP4,NP4-0plus0
1216,2,0,0,0,1,Core 2,1780.857,2.421538,0.9109209,0plus0,NP4,NP4-0plus0
1217,2,2,0,0,0,Core 2,1821.884,1.89851,0.9527692,0plus0,NP4,NP4-0plus0
1218,2,1,1,0,0,Core 2,1937.931,3.610328,0.9895029,0plus0,NP4,NP4-0plus0
1219,3,0,0,0,1,Core 2,1954.946,3.865963,0.9303851,0plus0,NP4,NP4-0plus0
1220,2,2,0,0,1,Core 2,2271.11,1.195866,0.9389805,0plus0,NP4,NP4-0plus0
